"DateTime","S&P 500","GDP"
"1868-12-31 00:00:28",,8.3094301960387
"1869-12-31 00:00:28",,8.51994529152525
"1870-12-31 00:00:28",4.44,8.80476642520642
"1871-01-31 00:00:28",4.5
"1871-02-28 00:00:28",4.61
"1871-03-31 00:00:28",4.74
"1871-04-30 00:00:28",4.86
"1871-05-31 00:00:28",4.82
"1871-06-30 00:00:28",4.73
"1871-07-31 00:00:28",4.79
"1871-08-31 00:00:28",4.84
"1871-09-30 00:00:28",4.59
"1871-10-31 00:00:28",4.64
"1871-11-30 00:00:28",4.74
"1871-12-31 00:00:28",4.86,8.92708074565625
"1872-01-31 00:00:28",4.88
"1872-02-29 00:00:28",5.04
"1872-03-31 00:00:28",5.18
"1872-04-30 00:00:28",5.18
"1872-05-31 00:00:28",5.13
"1872-06-30 00:00:28",5.1
"1872-07-31 00:00:28",5.04
"1872-08-31 00:00:28",4.95
"1872-09-30 00:00:28",4.97
"1872-10-31 00:00:28",4.95
"1872-11-30 00:00:28",5.07
"1872-12-31 00:00:28",5.11,9.30010265437414
"1873-01-31 00:00:28",5.15
"1873-02-28 00:00:28",5.11
"1873-03-31 00:00:28",5.04
"1873-04-30 00:00:28",5.05
"1873-05-31 00:00:28",4.98
"1873-06-30 00:00:28",4.97
"1873-07-31 00:00:28",4.97
"1873-08-31 00:00:28",4.59
"1873-09-30 00:00:28",4.19
"1873-10-31 00:00:28",4.04
"1873-11-30 00:00:28",4.42
"1873-12-31 00:00:28",4.66,8.98116797527987
"1874-01-31 00:00:28",4.8
"1874-02-28 00:00:28",4.73
"1874-03-31 00:00:28",4.6
"1874-04-30 00:00:28",4.48
"1874-05-31 00:00:28",4.46
"1874-06-30 00:00:28",4.46
"1874-07-31 00:00:28",4.47
"1874-08-31 00:00:28",4.54
"1874-09-30 00:00:28",4.53
"1874-10-31 00:00:28",4.57
"1874-11-30 00:00:28",4.54
"1874-12-31 00:00:28",4.54,9.04889957448964
"1875-01-31 00:00:28",4.53
"1875-02-28 00:00:28",4.59
"1875-03-31 00:00:28",4.65
"1875-04-30 00:00:28",4.47
"1875-05-31 00:00:28",4.38
"1875-06-30 00:00:28",4.39
"1875-07-31 00:00:28",4.41
"1875-08-31 00:00:28",4.37
"1875-09-30 00:00:28",4.3
"1875-10-31 00:00:28",4.37
"1875-11-30 00:00:28",4.37
"1875-12-31 00:00:28",4.46,8.80513935464262
"1876-01-31 00:00:28",4.52
"1876-02-29 00:00:28",4.51
"1876-03-31 00:00:28",4.34
"1876-04-30 00:00:28",4.18
"1876-05-31 00:00:28",4.15
"1876-06-30 00:00:28",4.1
"1876-07-31 00:00:28",3.93
"1876-08-31 00:00:28",3.69
"1876-09-30 00:00:28",3.67
"1876-10-31 00:00:28",3.6
"1876-11-30 00:00:28",3.58
"1876-12-31 00:00:28",3.55,8.93712886885163
"1877-01-31 00:00:28",3.34
"1877-02-28 00:00:28",3.17
"1877-03-31 00:00:28",2.94
"1877-04-30 00:00:28",2.94
"1877-05-31 00:00:28",2.73
"1877-06-30 00:00:28",2.85
"1877-07-31 00:00:28",3.05
"1877-08-31 00:00:28",3.24
"1877-09-30 00:00:28",3.31
"1877-10-31 00:00:28",3.26
"1877-11-30 00:00:28",3.25
"1877-12-31 00:00:28",3.25,8.73753031761309
"1878-01-31 00:00:28",3.18
"1878-02-28 00:00:28",3.24
"1878-03-31 00:00:28",3.33
"1878-04-30 00:00:28",3.34
"1878-05-31 00:00:28",3.41
"1878-06-30 00:00:28",3.48
"1878-07-31 00:00:28",3.45
"1878-08-31 00:00:28",3.52
"1878-09-30 00:00:28",3.48
"1878-10-31 00:00:28",3.47
"1878-11-30 00:00:28",3.45
"1878-12-31 00:00:28",3.58,9.52302076895801
"1879-01-31 00:00:28",3.71
"1879-02-28 00:00:28",3.65
"1879-03-31 00:00:28",3.77
"1879-04-30 00:00:28",3.94
"1879-05-31 00:00:28",3.96
"1879-06-30 00:00:28",4.04
"1879-07-31 00:00:28",4.07
"1879-08-31 00:00:28",4.22
"1879-09-30 00:00:28",4.68
"1879-10-31 00:00:28",4.93
"1879-11-30 00:00:28",4.92
"1879-12-31 00:00:28",5.11,11.1818295172484
"1880-01-31 00:00:28",5.2
"1880-02-29 00:00:28",5.3
"1880-03-31 00:00:28",5.18
"1880-04-30 00:00:28",4.77
"1880-05-31 00:00:28",4.79
"1880-06-30 00:00:28",5.01
"1880-07-31 00:00:28",5.19
"1880-08-31 00:00:28",5.18
"1880-09-30 00:00:28",5.33
"1880-10-31 00:00:28",5.61
"1880-11-30 00:00:28",5.84
"1880-12-31 00:00:28",6.19,11.5212333721696
"1881-01-31 00:00:28",6.17
"1881-02-28 00:00:28",6.24
"1881-03-31 00:00:28",6.22
"1881-04-30 00:00:28",6.5
"1881-05-31 00:00:28",6.58
"1881-06-30 00:00:28",6.35
"1881-07-31 00:00:28",6.2
"1881-08-31 00:00:28",6.25
"1881-09-30 00:00:28",6.15
"1881-10-31 00:00:28",6.19
"1881-11-30 00:00:28",6.01
"1881-12-31 00:00:28",5.92,12.5024757611063
"1882-01-31 00:00:28",5.79
"1882-02-28 00:00:28",5.78
"1882-03-31 00:00:28",5.78
"1882-04-30 00:00:28",5.71
"1882-05-31 00:00:28",5.68
"1882-06-30 00:00:28",6
"1882-07-31 00:00:28",6.18
"1882-08-31 00:00:28",6.24
"1882-09-30 00:00:28",6.07
"1882-10-31 00:00:28",5.81
"1882-11-30 00:00:28",5.84
"1882-12-31 00:00:28",5.81,12.3761922648295
"1883-01-31 00:00:28",5.68
"1883-02-28 00:00:28",5.75
"1883-03-31 00:00:28",5.87
"1883-04-30 00:00:28",5.77
"1883-05-31 00:00:28",5.82
"1883-06-30 00:00:28",5.73
"1883-07-31 00:00:28",5.47
"1883-08-31 00:00:28",5.53
"1883-09-30 00:00:28",5.38
"1883-10-31 00:00:28",5.46
"1883-11-30 00:00:28",5.34
"1883-12-31 00:00:28",5.18,12.05552074363
"1884-01-31 00:00:28",5.32
"1884-02-29 00:00:28",5.3
"1884-03-31 00:00:28",5.06
"1884-04-30 00:00:28",4.65
"1884-05-31 00:00:28",4.46
"1884-06-30 00:00:28",4.46
"1884-07-31 00:00:28",4.74
"1884-08-31 00:00:28",4.59
"1884-09-30 00:00:28",4.44
"1884-10-31 00:00:28",4.35
"1884-11-30 00:00:28",4.34
"1884-12-31 00:00:28",4.24,11.8410364723165
"1885-01-31 00:00:28",4.37
"1885-02-28 00:00:28",4.38
"1885-03-31 00:00:28",4.37
"1885-04-30 00:00:28",4.32
"1885-05-31 00:00:28",4.3
"1885-06-30 00:00:28",4.46
"1885-07-31 00:00:28",4.71
"1885-08-31 00:00:28",4.65
"1885-09-30 00:00:28",4.92
"1885-10-31 00:00:28",5.24
"1885-11-30 00:00:28",5.2
"1885-12-31 00:00:28",5.2,12.1987997315232
"1886-01-31 00:00:28",5.3
"1886-02-28 00:00:28",5.19
"1886-03-31 00:00:28",5.12
"1886-04-30 00:00:28",5.02
"1886-05-31 00:00:28",5.25
"1886-06-30 00:00:28",5.33
"1886-07-31 00:00:28",5.37
"1886-08-31 00:00:28",5.51
"1886-09-30 00:00:28",5.65
"1886-10-31 00:00:28",5.79
"1886-11-30 00:00:28",5.64
"1886-12-31 00:00:28",5.58,12.7557886125323
"1887-01-31 00:00:28",5.54
"1887-02-28 00:00:28",5.67
"1887-03-31 00:00:28",5.8
"1887-04-30 00:00:28",5.9
"1887-05-31 00:00:28",5.73
"1887-06-30 00:00:28",5.59
"1887-07-31 00:00:28",5.45
"1887-08-31 00:00:28",5.38
"1887-09-30 00:00:28",5.2
"1887-10-31 00:00:28",5.3
"1887-11-30 00:00:28",5.27
"1887-12-31 00:00:28",5.31,12.9042781267413
"1888-01-31 00:00:28",5.28
"1888-02-29 00:00:28",5.08
"1888-03-31 00:00:28",5.1
"1888-04-30 00:00:28",5.17
"1888-05-31 00:00:28",5.01
"1888-06-30 00:00:28",5.14
"1888-07-31 00:00:28",5.25
"1888-08-31 00:00:28",5.38
"1888-09-30 00:00:28",5.35
"1888-10-31 00:00:28",5.24
"1888-11-30 00:00:28",5.14
"1888-12-31 00:00:28",5.24,13.7377768603414
"1889-01-31 00:00:28",5.3
"1889-02-28 00:00:28",5.19
"1889-03-31 00:00:28",5.18
"1889-04-30 00:00:28",5.32
"1889-05-31 00:00:28",5.41
"1889-06-30 00:00:28",5.3
"1889-07-31 00:00:28",5.37
"1889-08-31 00:00:28",5.5
"1889-09-30 00:00:28",5.4
"1889-10-31 00:00:28",5.35
"1889-11-30 00:00:28",5.32
"1889-12-31 00:00:28",5.38,13.6132302061699
"1890-01-31 00:00:28",5.32
"1890-02-28 00:00:28",5.28
"1890-03-31 00:00:28",5.39
"1890-04-30 00:00:28",5.62
"1890-05-31 00:00:28",5.58
"1890-06-30 00:00:28",5.54
"1890-07-31 00:00:28",5.41
"1890-08-31 00:00:28",5.32
"1890-09-30 00:00:28",5.08
"1890-10-31 00:00:28",4.71
"1890-11-30 00:00:28",4.6
"1890-12-31 00:00:28",4.84,14.0430671698496
"1891-01-31 00:00:28",4.9
"1891-02-28 00:00:28",4.81
"1891-03-31 00:00:28",4.97
"1891-04-30 00:00:28",4.95
"1891-05-31 00:00:28",4.85
"1891-06-30 00:00:28",4.77
"1891-07-31 00:00:28",4.93
"1891-08-31 00:00:28",5.33
"1891-09-30 00:00:28",5.33
"1891-10-31 00:00:28",5.25
"1891-11-30 00:00:28",5.41
"1891-12-31 00:00:28",5.51,14.5231447495061
"1892-01-31 00:00:28",5.52
"1892-02-29 00:00:28",5.58
"1892-03-31 00:00:28",5.57
"1892-04-30 00:00:28",5.57
"1892-05-31 00:00:28",5.54
"1892-06-30 00:00:28",5.54
"1892-07-31 00:00:28",5.62
"1892-08-31 00:00:28",5.48
"1892-09-30 00:00:28",5.59
"1892-10-31 00:00:28",5.57
"1892-11-30 00:00:28",5.51
"1892-12-31 00:00:28",5.61,14.5598635580771
"1893-01-31 00:00:28",5.51
"1893-02-28 00:00:28",5.31
"1893-03-31 00:00:28",5.31
"1893-04-30 00:00:28",4.84
"1893-05-31 00:00:28",4.61
"1893-06-30 00:00:28",4.18
"1893-07-31 00:00:28",4.08
"1893-08-31 00:00:28",4.37
"1893-09-30 00:00:28",4.5
"1893-10-31 00:00:28",4.57
"1893-11-30 00:00:28",4.41
"1893-12-31 00:00:28",4.32,13.3717023200446
"1894-01-31 00:00:28",4.38
"1894-02-28 00:00:28",4.51
"1894-03-31 00:00:28",4.57
"1894-04-30 00:00:28",4.4
"1894-05-31 00:00:28",4.34
"1894-06-30 00:00:28",4.25
"1894-07-31 00:00:28",4.41
"1894-08-31 00:00:28",4.48
"1894-09-30 00:00:28",4.34
"1894-10-31 00:00:28",4.34
"1894-11-30 00:00:28",4.3
"1894-12-31 00:00:28",4.25,14.709344055519
"1895-01-31 00:00:00",4.19
"1895-02-28 00:00:00",4.19
"1895-03-31 00:00:00",4.37
"1895-04-30 00:00:00",4.61
"1895-05-31 00:00:00",4.7
"1895-06-30 00:00:00",4.72
"1895-07-31 00:00:00",4.79
"1895-08-31 00:00:00",4.82
"1895-09-30 00:00:00",4.75
"1895-10-31 00:00:00",4.59
"1895-11-30 00:00:00",4.32
"1895-12-31 00:00:00",4.27,14.4245229218378
"1896-01-31 00:00:00",4.45
"1896-02-29 00:00:00",4.38
"1896-03-31 00:00:00",4.42
"1896-04-30 00:00:00",4.4
"1896-05-31 00:00:00",4.32
"1896-06-30 00:00:00",4.04
"1896-07-31 00:00:00",3.81
"1896-08-31 00:00:00",4.01
"1896-09-30 00:00:00",4.1
"1896-10-31 00:00:00",4.38
"1896-11-30 00:00:00",4.22
"1896-12-31 00:00:00",4.22,15.3633404842713
"1897-01-31 00:00:00",4.18
"1897-02-28 00:00:00",4.19
"1897-03-31 00:00:00",4.06
"1897-04-30 00:00:00",4.08
"1897-05-31 00:00:00",4.27
"1897-06-30 00:00:00",4.46
"1897-07-31 00:00:00",4.75
"1897-08-31 00:00:00",4.98
"1897-09-30 00:00:00",4.82
"1897-10-31 00:00:00",4.65
"1897-11-30 00:00:00",4.75
"1897-12-31 00:00:00",4.88,15.9312459095284
"1898-01-31 00:00:00",4.87
"1898-02-28 00:00:00",4.65
"1898-03-31 00:00:00",4.57
"1898-04-30 00:00:00",4.87
"1898-05-31 00:00:00",5.06
"1898-06-30 00:00:00",5.08
"1898-07-31 00:00:00",5.27
"1898-08-31 00:00:00",5.26
"1898-09-30 00:00:00",5.15
"1898-10-31 00:00:00",5.32
"1898-11-30 00:00:00",5.65
"1898-12-31 00:00:00",6.08,18.0435841142799
"1899-01-31 00:00:00",6.31
"1899-02-28 00:00:00",6.4
"1899-03-31 00:00:00",6.48
"1899-04-30 00:00:00",6.21
"1899-05-31 00:00:00",6.07
"1899-06-30 00:00:00",6.28
"1899-07-31 00:00:00",6.44
"1899-08-31 00:00:00",6.37
"1899-09-30 00:00:00",6.34
"1899-10-31 00:00:00",6.46
"1899-11-30 00:00:00",6.02
"1899-12-31 00:00:00",6.1,18.7684128970164
"1900-01-31 00:00:00",6.21
"1900-02-28 00:00:00",6.26
"1900-03-31 00:00:00",6.34
"1900-04-30 00:00:00",6.04
"1900-05-31 00:00:00",5.86
"1900-06-30 00:00:00",5.86
"1900-07-31 00:00:00",5.94
"1900-08-31 00:00:00",5.8
"1900-09-30 00:00:00",6.01
"1900-10-31 00:00:00",6.48
"1900-11-30 00:00:00",6.87
"1900-12-31 00:00:00",7.07,21.1589143407122
"1901-01-31 00:00:00",7.25
"1901-02-28 00:00:00",7.51
"1901-03-31 00:00:00",8.14
"1901-04-30 00:00:00",7.73
"1901-05-31 00:00:00",8.5
"1901-06-30 00:00:00",7.93
"1901-07-31 00:00:00",8.04
"1901-08-31 00:00:00",8
"1901-09-30 00:00:00",7.91
"1901-10-31 00:00:00",8.08
"1901-11-30 00:00:00",7.95
"1901-12-31 00:00:00",8.12,21.8341867179981
"1902-01-31 00:00:00",8.19
"1902-02-28 00:00:00",8.2
"1902-03-31 00:00:00",8.48
"1902-04-30 00:00:00",8.46
"1902-05-31 00:00:00",8.41
"1902-06-30 00:00:00",8.6
"1902-07-31 00:00:00",8.83
"1902-08-31 00:00:00",8.85
"1902-09-30 00:00:00",8.57
"1902-10-31 00:00:00",8.24
"1902-11-30 00:00:00",8.05
"1902-12-31 00:00:00",8.46,23.0319615014437
"1903-01-31 00:00:00",8.41
"1903-02-28 00:00:00",8.08
"1903-03-31 00:00:00",7.75
"1903-04-30 00:00:00",7.6
"1903-05-31 00:00:00",7.18
"1903-06-30 00:00:00",6.85
"1903-07-31 00:00:00",6.63
"1903-08-31 00:00:00",6.47
"1903-09-30 00:00:00",6.26
"1903-10-31 00:00:00",6.28
"1903-11-30 00:00:00",6.57
"1903-12-31 00:00:00",6.68,24.1161588065448
"1904-01-31 00:00:00",6.5
"1904-02-29 00:00:00",6.48
"1904-03-31 00:00:00",6.64
"1904-04-30 00:00:00",6.5
"1904-05-31 00:00:00",6.51
"1904-06-30 00:00:00",6.78
"1904-07-31 00:00:00",7.01
"1904-08-31 00:00:00",7.32
"1904-09-30 00:00:00",7.75
"1904-10-31 00:00:00",8.17
"1904-11-30 00:00:00",8.25
"1904-12-31 00:00:00",8.43,26.314697786333
"1905-01-31 00:00:00",8.8
"1905-02-28 00:00:00",9.05
"1905-03-31 00:00:00",8.94
"1905-04-30 00:00:00",8.5
"1905-05-31 00:00:00",8.6
"1905-06-30 00:00:00",8.87
"1905-07-31 00:00:00",9.2
"1905-08-31 00:00:00",9.23
"1905-09-30 00:00:00",9.36
"1905-10-31 00:00:00",9.31
"1905-11-30 00:00:00",9.54
"1905-12-31 00:00:00",9.87,28.2972261790183
"1906-01-31 00:00:00",9.8
"1906-02-28 00:00:00",9.56
"1906-03-31 00:00:00",9.43
"1906-04-30 00:00:00",9.18
"1906-05-31 00:00:00",9.3
"1906-06-30 00:00:00",9.06
"1906-07-31 00:00:00",9.73
"1906-08-31 00:00:00",10.03
"1906-09-30 00:00:00",9.73
"1906-10-31 00:00:00",9.93
"1906-11-30 00:00:00",9.84
"1906-12-31 00:00:00",9.56,29.0849797882579
"1907-01-31 00:00:00",9.26
"1907-02-28 00:00:00",8.35
"1907-03-31 00:00:00",8.39
"1907-04-30 00:00:00",8.1
"1907-05-31 00:00:00",7.84
"1907-06-30 00:00:00",8.14
"1907-07-31 00:00:00",7.53
"1907-08-31 00:00:00",7.45
"1907-09-30 00:00:00",6.64
"1907-10-31 00:00:00",6.25
"1907-11-30 00:00:00",6.57
"1907-12-31 00:00:00",6.85,26.9195851780558
"1908-01-31 00:00:00",6.6
"1908-02-29 00:00:00",6.87
"1908-03-31 00:00:00",7.24
"1908-04-30 00:00:00",7.63
"1908-05-31 00:00:00",7.64
"1908-06-30 00:00:00",7.92
"1908-07-31 00:00:00",8.26
"1908-08-31 00:00:00",8.17
"1908-09-30 00:00:00",8.27
"1908-10-31 00:00:00",8.83
"1908-11-30 00:00:00",9.03
"1908-12-31 00:00:00",9.06,30.087792107796
"1909-01-31 00:00:00",8.8
"1909-02-28 00:00:00",8.92
"1909-03-31 00:00:00",9.32
"1909-04-30 00:00:00",9.63
"1909-05-31 00:00:00",9.8
"1909-06-30 00:00:00",9.94
"1909-07-31 00:00:00",10.18
"1909-08-31 00:00:00",10.19
"1909-09-30 00:00:00",10.23
"1909-10-31 00:00:00",10.18
"1909-11-30 00:00:00",10.3
"1909-12-31 00:00:00",10.08,31.4543368623677
"1910-01-31 00:00:00",9.72
"1910-02-28 00:00:00",9.96
"1910-03-31 00:00:00",9.72
"1910-04-30 00:00:00",9.56
"1910-05-31 00:00:00",9.1
"1910-06-30 00:00:00",8.64
"1910-07-31 00:00:00",8.85
"1910-08-31 00:00:00",8.91
"1910-09-30 00:00:00",9.32
"1910-10-31 00:00:00",9.31
"1910-11-30 00:00:00",9.05
"1910-12-31 00:00:00",9.27,32.3907641963426
"1911-01-31 00:00:00",9.43
"1911-02-28 00:00:00",9.32
"1911-03-31 00:00:00",9.28
"1911-04-30 00:00:00",9.48
"1911-05-31 00:00:00",9.67
"1911-06-30 00:00:00",9.63
"1911-07-31 00:00:00",9.17
"1911-08-31 00:00:00",8.67
"1911-09-30 00:00:00",8.72
"1911-10-31 00:00:00",9.07
"1911-11-30 00:00:00",9.11
"1911-12-31 00:00:00",9.12,35.0917093358999
"1912-01-31 00:00:00",9.04
"1912-02-29 00:00:00",9.3
"1912-03-31 00:00:00",9.59
"1912-04-30 00:00:00",9.58
"1912-05-31 00:00:00",9.58
"1912-06-30 00:00:00",9.59
"1912-07-31 00:00:00",9.81
"1912-08-31 00:00:00",9.86
"1912-09-30 00:00:00",9.84
"1912-10-31 00:00:00",9.73
"1912-11-30 00:00:00",9.38
"1912-12-31 00:00:00",9.3,36.8089384023099
"1913-01-31 00:00:00",8.97
"1913-02-28 00:00:00",8.8
"1913-03-31 00:00:00",8.79
"1913-04-30 00:00:00",8.55
"1913-05-31 00:00:00",8.12
"1913-06-30 00:00:00",8.23
"1913-07-31 00:00:00",8.45
"1913-08-31 00:00:00",8.53
"1913-09-30 00:00:00",8.26
"1913-10-31 00:00:00",8.05
"1913-11-30 00:00:00",8.04
"1913-12-31 00:00:00",8.37,34.4698219441771
"1914-01-31 00:00:00",8.48
"1914-02-28 00:00:00",8.32
"1914-03-31 00:00:00",8.12
"1914-04-30 00:00:00",8.17
"1914-05-31 00:00:00",8.13
"1914-06-30 00:00:00",7.68
"1914-07-31 00:00:00",7.68
"1914-08-31 00:00:00",7.68
"1914-09-30 00:00:00",7.68
"1914-10-31 00:00:00",7.68
"1914-11-30 00:00:00",7.35
"1914-12-31 00:00:00",7.48,36.4709759384023
"1915-01-31 00:00:00",7.38
"1915-02-28 00:00:00",7.57
"1915-03-31 00:00:00",8.14
"1915-04-30 00:00:00",7.95
"1915-05-31 00:00:00",8.04
"1915-06-30 00:00:00",8.01
"1915-07-31 00:00:00",8.35
"1915-08-31 00:00:00",8.66
"1915-09-30 00:00:00",9.14
"1915-10-31 00:00:00",9.46
"1915-11-30 00:00:00",9.48
"1915-12-31 00:00:00",9.33,46.1094629451396
"1916-01-31 00:00:00",9.2
"1916-02-29 00:00:00",9.17
"1916-03-31 00:00:00",9.07
"1916-04-30 00:00:00",9.27
"1916-05-31 00:00:00",9.36
"1916-06-30 00:00:00",9.23
"1916-07-31 00:00:00",9.3
"1916-08-31 00:00:00",9.68
"1916-09-30 00:00:00",9.98
"1916-10-31 00:00:00",10.21
"1916-11-30 00:00:00",9.8
"1916-12-31 00:00:00",9.57,55.1151588065448
"1917-01-31 00:00:00",9.03
"1917-02-28 00:00:00",9.31
"1917-03-31 00:00:00",9.17
"1917-04-30 00:00:00",8.86
"1917-05-31 00:00:00",9.04
"1917-06-30 00:00:00",8.79
"1917-07-31 00:00:00",8.53
"1917-08-31 00:00:00",8.12
"1917-09-30 00:00:00",7.68
"1917-10-31 00:00:00",7.04
"1917-11-30 00:00:00",6.8
"1917-12-31 00:00:00",7.21,69.6854186717998
"1918-01-31 00:00:00",7.43
"1918-02-28 00:00:00",7.28
"1918-03-31 00:00:00",7.21
"1918-04-30 00:00:00",7.44
"1918-05-31 00:00:00",7.45
"1918-06-30 00:00:00",7.51
"1918-07-31 00:00:00",7.58
"1918-08-31 00:00:00",7.54
"1918-09-30 00:00:00",7.86
"1918-10-31 00:00:00",8.06
"1918-11-30 00:00:00",7.9
"1918-12-31 00:00:00",7.85,77.0026073147257
"1919-01-31 00:00:00",7.88
"1919-02-28 00:00:00",8.12
"1919-03-31 00:00:00",8.39
"1919-04-30 00:00:00",8.97
"1919-05-31 00:00:00",9.21
"1919-06-30 00:00:00",9.51
"1919-07-31 00:00:00",8.87
"1919-08-31 00:00:00",9.01
"1919-09-30 00:00:00",9.47
"1919-10-31 00:00:00",9.19
"1919-11-30 00:00:00",8.92
"1919-12-31 00:00:00",8.83,87.1838267564966
"1920-01-31 00:00:00",8.1
"1920-02-29 00:00:00",8.67
"1920-03-31 00:00:00",8.6
"1920-04-30 00:00:00",8.06
"1920-05-31 00:00:00",7.92
"1920-06-30 00:00:00",7.91
"1920-07-31 00:00:00",7.6
"1920-08-31 00:00:00",7.87
"1920-09-30 00:00:00",7.88
"1920-10-31 00:00:00",7.48
"1920-11-30 00:00:00",6.81
"1920-12-31 00:00:00",7.11,73.2825986525505
"1921-01-31 00:00:00",7.06
"1921-02-28 00:00:00",6.88
"1921-03-31 00:00:00",6.91
"1921-04-30 00:00:00",7.12
"1921-05-31 00:00:00",6.55
"1921-06-30 00:00:00",6.53
"1921-07-31 00:00:00",6.45
"1921-08-31 00:00:00",6.61
"1921-09-30 00:00:00",6.7
"1921-10-31 00:00:00",7.06
"1921-11-30 00:00:00",7.31
"1921-12-31 00:00:00",7.3,72.7762512030799
"1922-01-31 00:00:00",7.46
"1922-02-28 00:00:00",7.74
"1922-03-31 00:00:00",8.21
"1922-04-30 00:00:00",8.53
"1922-05-31 00:00:00",8.45
"1922-06-30 00:00:00",8.51
"1922-07-31 00:00:00",8.83
"1922-08-31 00:00:00",9.06
"1922-09-30 00:00:00",9.26
"1922-10-31 00:00:00",8.8
"1922-11-30 00:00:00",8.78
"1922-12-31 00:00:00",8.9,85.322030798845
"1923-01-31 00:00:00",9.28
"1923-02-28 00:00:00",9.43
"1923-03-31 00:00:00",9.1
"1923-04-30 00:00:00",8.67
"1923-05-31 00:00:00",8.34
"1923-06-30 00:00:00",8.06
"1923-07-31 00:00:00",8.1
"1923-08-31 00:00:00",8.15
"1923-09-30 00:00:00",8.03
"1923-10-31 00:00:00",8.27
"1923-11-30 00:00:00",8.55
"1923-12-31 00:00:00",8.83,87.7110510105871
"1924-01-31 00:00:00",8.87
"1924-02-29 00:00:00",8.7
"1924-03-31 00:00:00",8.5
"1924-04-30 00:00:00",8.47
"1924-05-31 00:00:00",8.63
"1924-06-30 00:00:00",9.03
"1924-07-31 00:00:00",9.34
"1924-08-31 00:00:00",9.25
"1924-09-30 00:00:00",9.13
"1924-10-31 00:00:00",9.64
"1924-11-30 00:00:00",10.16
"1924-12-31 00:00:00",10.58,91.1882791145332
"1925-01-31 00:00:00",10.67
"1925-02-28 00:00:00",10.39
"1925-03-31 00:00:00",10.28
"1925-04-30 00:00:00",10.61
"1925-05-31 00:00:00",10.8
"1925-06-30 00:00:00",11.1
"1925-07-31 00:00:00",11.25
"1925-08-31 00:00:00",11.51
"1925-09-30 00:00:00",11.89
"1925-10-31 00:00:00",12.26
"1925-11-30 00:00:00",12.46
"1925-12-31 00:00:00",12.65,97.2362974013474
"1926-01-31 00:00:00",12.67
"1926-02-28 00:00:00",11.81
"1926-03-31 00:00:00",11.48
"1926-04-30 00:00:00",11.56
"1926-05-31 00:00:00",12.11
"1926-06-30 00:00:00",12.62
"1926-07-31 00:00:00",13.12
"1926-08-31 00:00:00",13.32
"1926-09-30 00:00:00",13.02
"1926-10-31 00:00:00",13.19
"1926-11-30 00:00:00",13.49
"1926-12-31 00:00:00",13.4,96.0626188642926
"1927-01-31 00:00:00",13.66
"1927-02-28 00:00:00",13.87
"1927-03-31 00:00:00",14.21
"1927-04-30 00:00:00",14.7
"1927-05-31 00:00:00",14.89
"1927-06-30 00:00:00",15.22
"1927-07-31 00:00:00",16.03
"1927-08-31 00:00:00",16.94
"1927-09-30 00:00:00",16.68
"1927-10-31 00:00:00",17.06
"1927-11-30 00:00:00",17.46
"1927-12-31 00:00:00",17.53,96.9833349374398
"1928-01-31 00:00:00",17.32
"1928-02-29 00:00:00",18.25
"1928-03-31 00:00:00",19.4
"1928-04-30 00:00:00",20
"1928-05-31 00:00:00",19.02
"1928-06-30 00:00:00",19.16
"1928-07-31 00:00:00",19.78
"1928-08-31 00:00:00",21.17
"1928-09-30 00:00:00",21.6
"1928-10-31 00:00:00",23.06
"1928-11-30 00:00:00",23.15
"1928-12-31 00:00:00",24.86,103.6
"1929-01-31 00:00:00",24.99
"1929-02-28 00:00:00",25.43
"1929-03-31 00:00:00",25.28
"1929-04-30 00:00:00",25.66
"1929-05-31 00:00:00",26.15
"1929-06-30 00:00:00",28.48
"1929-07-31 00:00:00",30.1
"1929-08-31 00:00:00",31.3
"1929-09-30 00:00:00",27.99
"1929-10-31 00:00:00",20.58
"1929-11-30 00:00:00",21.4
"1929-12-31 00:00:00",21.71,91.2
"1930-01-31 00:00:00",23.07
"1930-02-28 00:00:00",23.94
"1930-03-31 00:00:00",25.46
"1930-04-30 00:00:00",23.94
"1930-05-31 00:00:00",21.52
"1930-06-30 00:00:00",21.06
"1930-07-31 00:00:00",20.79
"1930-08-31 00:00:00",20.78
"1930-09-30 00:00:00",17.92
"1930-10-31 00:00:00",16.62
"1930-11-30 00:00:00",15.51
"1930-12-31 00:00:00",15.98,76.5
"1931-01-31 00:00:00",17.2
"1931-02-28 00:00:00",17.53
"1931-03-31 00:00:00",15.86
"1931-04-30 00:00:00",14.33
"1931-05-31 00:00:00",13.87
"1931-06-30 00:00:00",14.33
"1931-07-31 00:00:00",13.9
"1931-08-31 00:00:00",11.83
"1931-09-30 00:00:00",10.25
"1931-10-31 00:00:00",10.39
"1931-11-30 00:00:00",8.44
"1931-12-31 00:00:00",8.3,58.7
"1932-01-31 00:00:00",8.23
"1932-02-29 00:00:00",8.26
"1932-03-31 00:00:00",6.28
"1932-04-30 00:00:00",5.51
"1932-05-31 00:00:00",4.77
"1932-06-30 00:00:00",5.01
"1932-07-31 00:00:00",7.53
"1932-08-31 00:00:00",8.26
"1932-09-30 00:00:00",7.12
"1932-10-31 00:00:00",7.05
"1932-11-30 00:00:00",6.82
"1932-12-31 00:00:00",7.09,56.4
"1933-01-31 00:00:00",6.25
"1933-02-28 00:00:00",6.23
"1933-03-31 00:00:00",6.89
"1933-04-30 00:00:00",8.87
"1933-05-31 00:00:00",10.39
"1933-06-30 00:00:00",11.23
"1933-07-31 00:00:00",10.67
"1933-08-31 00:00:00",10.58
"1933-09-30 00:00:00",9.55
"1933-10-31 00:00:00",9.78
"1933-11-30 00:00:00",9.97
"1933-12-31 00:00:00",10.54,66
"1934-01-31 00:00:00",11.32
"1934-02-28 00:00:00",10.74
"1934-03-31 00:00:00",10.92
"1934-04-30 00:00:00",9.81
"1934-05-31 00:00:00",9.94
"1934-06-30 00:00:00",9.47
"1934-07-31 00:00:00",9.1
"1934-08-31 00:00:00",8.88
"1934-09-30 00:00:00",8.95
"1934-10-31 00:00:00",9.2
"1934-11-30 00:00:00",9.26
"1934-12-31 00:00:00",9.26,73.3
"1935-01-31 00:00:00",8.98
"1935-02-28 00:00:00",8.41
"1935-03-31 00:00:00",9.04
"1935-04-30 00:00:00",9.75
"1935-05-31 00:00:00",10.12
"1935-06-30 00:00:00",10.65
"1935-07-31 00:00:00",11.37
"1935-08-31 00:00:00",11.61
"1935-09-30 00:00:00",11.92
"1935-10-31 00:00:00",13.04
"1935-11-30 00:00:00",13.04
"1935-12-31 00:00:00",13.76,83.8
"1936-01-31 00:00:00",14.55
"1936-02-29 00:00:00",14.86
"1936-03-31 00:00:00",14.88
"1936-04-30 00:00:00",14.09
"1936-05-31 00:00:00",14.69
"1936-06-30 00:00:00",15.56
"1936-07-31 00:00:00",15.87
"1936-08-31 00:00:00",16.05
"1936-09-30 00:00:00",16.89
"1936-10-31 00:00:00",17.36
"1936-11-30 00:00:00",17.06
"1936-12-31 00:00:00",17.59,91.9
"1937-01-31 00:00:00",18.11
"1937-02-28 00:00:00",18.09
"1937-03-31 00:00:00",17.01
"1937-04-30 00:00:00",16.25
"1937-05-31 00:00:00",15.64
"1937-06-30 00:00:00",16.57
"1937-07-31 00:00:00",16.74
"1937-08-31 00:00:00",14.37
"1937-09-30 00:00:00",12.28
"1937-10-31 00:00:00",11.2
"1937-11-30 00:00:00",11.02
"1937-12-31 00:00:00",11.31,86.1
"1938-01-31 00:00:00",11.04
"1938-02-28 00:00:00",10.31
"1938-03-31 00:00:00",9.89
"1938-04-30 00:00:00",9.98
"1938-05-31 00:00:00",10.21
"1938-06-30 00:00:00",12.24
"1938-07-31 00:00:00",12.31
"1938-08-31 00:00:00",11.75
"1938-09-30 00:00:00",13.06
"1938-10-31 00:00:00",13.07
"1938-11-30 00:00:00",12.69
"1938-12-31 00:00:00",12.5,92.2
"1939-01-31 00:00:00",12.4
"1939-02-28 00:00:00",12.39
"1939-03-31 00:00:00",10.83
"1939-04-30 00:00:00",11.23
"1939-05-31 00:00:00",11.43
"1939-06-30 00:00:00",11.71
"1939-07-31 00:00:00",11.54
"1939-08-31 00:00:00",12.77
"1939-09-30 00:00:00",12.9
"1939-10-31 00:00:00",12.67
"1939-11-30 00:00:00",12.37
"1939-12-31 00:00:00",12.3,101.4
"1940-01-31 00:00:00",12.22
"1940-02-29 00:00:00",12.15
"1940-03-31 00:00:00",12.27
"1940-04-30 00:00:00",10.58
"1940-05-31 00:00:00",9.67
"1940-06-30 00:00:00",9.99
"1940-07-31 00:00:00",10.2
"1940-08-31 00:00:00",10.63
"1940-09-30 00:00:00",10.73
"1940-10-31 00:00:00",10.98
"1940-11-30 00:00:00",10.53
"1940-12-31 00:00:00",10.55,126.7
"1941-01-31 00:00:00",9.89
"1941-02-28 00:00:00",9.95
"1941-03-31 00:00:00",9.64
"1941-04-30 00:00:00",9.43
"1941-05-31 00:00:00",9.76
"1941-06-30 00:00:00",10.26
"1941-07-31 00:00:00",10.21
"1941-08-31 00:00:00",10.24
"1941-09-30 00:00:00",9.83
"1941-10-31 00:00:00",9.37
"1941-11-30 00:00:00",8.76
"1941-12-31 00:00:00",8.93,161.9
"1942-01-31 00:00:00",8.65
"1942-02-28 00:00:00",8.18
"1942-03-31 00:00:00",7.84
"1942-04-30 00:00:00",7.93
"1942-05-31 00:00:00",8.33
"1942-06-30 00:00:00",8.64
"1942-07-31 00:00:00",8.59
"1942-08-31 00:00:00",8.68
"1942-09-30 00:00:00",9.32
"1942-10-31 00:00:00",9.47
"1942-11-30 00:00:00",9.52
"1942-12-31 00:00:00",10.09,198.6
"1943-01-31 00:00:00",10.69
"1943-02-28 00:00:00",11.07
"1943-03-31 00:00:00",11.44
"1943-04-30 00:00:00",11.89
"1943-05-31 00:00:00",12.1
"1943-06-30 00:00:00",12.35
"1943-07-31 00:00:00",11.74
"1943-08-31 00:00:00",11.99
"1943-09-30 00:00:00",11.88
"1943-10-31 00:00:00",11.33
"1943-11-30 00:00:00",11.48
"1943-12-31 00:00:00",11.85,219.8
"1944-01-31 00:00:00",11.77
"1944-02-29 00:00:00",12.1
"1944-03-31 00:00:00",11.89
"1944-04-30 00:00:00",12.1
"1944-05-31 00:00:00",12.67
"1944-06-30 00:00:00",13
"1944-07-31 00:00:00",12.81
"1944-08-31 00:00:00",12.6
"1944-09-30 00:00:00",12.91
"1944-10-31 00:00:00",12.82
"1944-11-30 00:00:00",13.1
"1944-12-31 00:00:00",13.49,223.1
"1945-01-31 00:00:00",13.94
"1945-02-28 00:00:00",13.93
"1945-03-31 00:00:00",14.28
"1945-04-30 00:00:00",14.82
"1945-05-31 00:00:00",15.09
"1945-06-30 00:00:00",14.78
"1945-07-31 00:00:00",14.83
"1945-08-31 00:00:00",15.84
"1945-09-30 00:00:00",16.5
"1945-10-31 00:00:00",17.04
"1945-11-30 00:00:00",17.33
"1945-12-31 00:00:00",18.02,222.3
"1946-01-31 00:00:00",18.07
"1946-02-28 00:00:00",17.53
"1946-03-31 00:00:00",18.66
"1946-04-30 00:00:00",18.7
"1946-05-31 00:00:00",18.58
"1946-06-30 00:00:00",18.05
"1946-07-31 00:00:00",17.7
"1946-08-31 00:00:00",15.09
"1946-09-30 00:00:00",14.75
"1946-10-31 00:00:00",14.69
"1946-11-30 00:00:00",15.13
"1946-12-31 00:00:00",15.21,243.164
"1947-01-31 00:00:00",15.8
"1947-02-28 00:00:00",15.16
"1947-03-31 00:00:00",14.6,245.968
"1947-04-30 00:00:00",14.34
"1947-05-31 00:00:00",14.84
"1947-06-30 00:00:00",15.77,249.585
"1947-07-31 00:00:00",15.46
"1947-08-31 00:00:00",15.06
"1947-09-30 00:00:00",15.45,259.745
"1947-10-31 00:00:00",15.27
"1947-11-30 00:00:00",15.03
"1947-12-31 00:00:00",14.83,265.742
"1948-01-31 00:00:00",14.1
"1948-02-29 00:00:00",14.3
"1948-03-31 00:00:00",15.4,272.567
"1948-04-30 00:00:00",16.15
"1948-05-31 00:00:00",16.82
"1948-06-30 00:00:00",16.42,279.196
"1948-07-31 00:00:00",15.94
"1948-08-31 00:00:00",15.76
"1948-09-30 00:00:00",16.19,280.366
"1948-10-31 00:00:00",15.29
"1948-11-30 00:00:00",15.19
"1948-12-31 00:00:00",15.36,275.034
"1949-01-31 00:00:00",14.77
"1949-02-28 00:00:00",14.91
"1949-03-31 00:00:00",14.89,271.351
"1949-04-30 00:00:00",14.78
"1949-05-31 00:00:00",13.97
"1949-06-30 00:00:00",14.76,272.889
"1949-07-31 00:00:00",15.29
"1949-08-31 00:00:00",15.49
"1949-09-30 00:00:00",15.89,270.627
"1949-10-31 00:00:00",16.11
"1949-11-30 00:00:00",16.54
"1949-12-31 00:00:00",16.88,280.828
"1950-01-31 00:00:00",17.21
"1950-02-28 00:00:00",17.35
"1950-03-31 00:00:00",17.84,290.383
"1950-04-30 00:00:00",18.44
"1950-05-31 00:00:00",18.74
"1950-06-30 00:00:00",17.38,308.153
"1950-07-31 00:00:00",18.43
"1950-08-31 00:00:00",19.08
"1950-09-30 00:00:00",19.87,319.945
"1950-10-31 00:00:00",19.83
"1950-11-30 00:00:00",19.75
"1950-12-31 00:00:00",21.21,336
"1951-01-31 00:00:00",22
"1951-02-28 00:00:00",21.63
"1951-03-31 00:00:00",21.92,344.09
"1951-04-30 00:00:00",21.93
"1951-05-31 00:00:00",21.55
"1951-06-30 00:00:00",21.93,351.385
"1951-07-31 00:00:00",22.89
"1951-08-31 00:00:00",23.48
"1951-09-30 00:00:00",23.36,356.178
"1951-10-31 00:00:00",22.71
"1951-11-30 00:00:00",23.41
"1951-12-31 00:00:00",24.19,359.82
"1952-01-31 00:00:00",23.75
"1952-02-29 00:00:00",23.81
"1952-03-31 00:00:00",23.74,361.03
"1952-04-30 00:00:00",23.73
"1952-05-31 00:00:00",24.38
"1952-06-30 00:00:00",25.08,367.701
"1952-07-31 00:00:00",25.18
"1952-08-31 00:00:00",24.78
"1952-09-30 00:00:00",24.26,380.812
"1952-10-31 00:00:00",25.03
"1952-11-30 00:00:00",26.04
"1952-12-31 00:00:00",26.18,387.98
"1953-01-31 00:00:00",25.86
"1953-02-28 00:00:00",25.99
"1953-03-31 00:00:00",24.71,391.749
"1953-04-30 00:00:00",24.84
"1953-05-31 00:00:00",23.95
"1953-06-30 00:00:00",24.29,391.171
"1953-07-31 00:00:00",24.39
"1953-08-31 00:00:00",23.27
"1953-09-30 00:00:00",23.97,385.97
"1953-10-31 00:00:00",24.5
"1953-11-30 00:00:00",24.83
"1953-12-31 00:00:00",25.46,385.345
"1954-01-31 00:00:00",26.02
"1954-02-28 00:00:00",26.57
"1954-03-31 00:00:00",27.63,386.121
"1954-04-30 00:00:00",28.73
"1954-05-31 00:00:00",28.96
"1954-06-30 00:00:00",30.13,390.996
"1954-07-31 00:00:00",30.73
"1954-08-31 00:00:00",31.45
"1954-09-30 00:00:00",32.18,399.734
"1954-10-31 00:00:00",33.44
"1954-11-30 00:00:00",34.97
"1954-12-31 00:00:00",35.6,413.073
"1955-01-31 00:00:00",36.79
"1955-02-28 00:00:00",36.5
"1955-03-31 00:00:00",37.76,421.532
"1955-04-30 00:00:00",37.6
"1955-05-31 00:00:00",39.78
"1955-06-30 00:00:00",42.69,430.221
"1955-07-31 00:00:00",42.43
"1955-08-31 00:00:00",44.34
"1955-09-30 00:00:00",42.11,437.092
"1955-10-31 00:00:00",44.95
"1955-11-30 00:00:00",45.37
"1955-12-31 00:00:00",44.15,439.746
"1956-01-31 00:00:00",44.43
"1956-02-29 00:00:00",47.49
"1956-03-31 00:00:00",48.05,446.01
"1956-04-30 00:00:00",46.54
"1956-05-31 00:00:00",46.27
"1956-06-30 00:00:00",48.78,451.191
"1956-07-31 00:00:00",48.49
"1956-08-31 00:00:00",46.84
"1956-09-30 00:00:00",46.24,460.463
"1956-10-31 00:00:00",45.76
"1956-11-30 00:00:00",46.44
"1956-12-31 00:00:00",45.43,469.779
"1957-01-31 00:00:00",43.47
"1957-02-28 00:00:00",44.03
"1957-03-31 00:00:00",45.05,472.025
"1957-04-30 00:00:00",46.78
"1957-05-31 00:00:00",47.55
"1957-06-30 00:00:00",48.51,479.49
"1957-07-31 00:00:00",45.84
"1957-08-31 00:00:00",43.98
"1957-09-30 00:00:00",41.24,474.864
"1957-10-31 00:00:00",40.35
"1957-11-30 00:00:00",40.33
"1957-12-31 00:00:00",41.12,467.54
"1958-01-31 00:00:00",41.26
"1958-02-28 00:00:00",42.11
"1958-03-31 00:00:00",42.34,471.978
"1958-04-30 00:00:00",43.7
"1958-05-31 00:00:00",44.75
"1958-06-30 00:00:00",45.98,485.841
"1958-07-31 00:00:00",47.7
"1958-08-31 00:00:00",48.96
"1958-09-30 00:00:00",50.95,499.555
"1958-10-31 00:00:00",52.5
"1958-11-30 00:00:00",53.49
"1958-12-31 00:00:00",55.62,510.33
"1959-01-31 00:00:00",54.77
"1959-02-28 00:00:00",56.16
"1959-03-31 00:00:00",57.1,522.653
"1959-04-30 00:00:00",57.96
"1959-05-31 00:00:00",57.46
"1959-06-30 00:00:00",59.74,525.034
"1959-07-31 00:00:00",59.4
"1959-08-31 00:00:00",57.05
"1959-09-30 00:00:00",57,528.6
"1959-10-31 00:00:00",57.23
"1959-11-30 00:00:00",59.06
"1959-12-31 00:00:00",58.03,542.648
"1960-01-31 00:00:00",55.78
"1960-02-29 00:00:00",55.02
"1960-03-31 00:00:00",55.73,541.08
"1960-04-30 00:00:00",55.22
"1960-05-31 00:00:00",57.26
"1960-06-30 00:00:00",55.84,545.604
"1960-07-31 00:00:00",56.51
"1960-08-31 00:00:00",54.81
"1960-09-30 00:00:00",53.73,540.197
"1960-10-31 00:00:00",55.47
"1960-11-30 00:00:00",56.8
"1960-12-31 00:00:00",59.72,545.018
"1961-01-31 00:00:00",62.17
"1961-02-28 00:00:00",64.12
"1961-03-31 00:00:00",65.83,555.545
"1961-04-30 00:00:00",66.5
"1961-05-31 00:00:00",65.62
"1961-06-30 00:00:00",65.44,567.664
"1961-07-31 00:00:00",67.79
"1961-08-31 00:00:00",67.26
"1961-09-30 00:00:00",68,580.612
"1961-10-31 00:00:00",71.08
"1961-11-30 00:00:00",71.74
"1961-12-31 00:00:00",69.07,594.013
"1962-01-31 00:00:00",70.22
"1962-02-28 00:00:00",70.29
"1962-03-31 00:00:00",68.05,600.366
"1962-04-30 00:00:00",62.99
"1962-05-31 00:00:00",55.63
"1962-06-30 00:00:00",56.97,609.027
"1962-07-31 00:00:00",58.52
"1962-08-31 00:00:00",58
"1962-09-30 00:00:00",56.17,612.28
"1962-10-31 00:00:00",60.04
"1962-11-30 00:00:00",62.64
"1962-12-31 00:00:00",65.06,621.672
"1963-01-31 00:00:00",65.92
"1963-02-28 00:00:00",65.67
"1963-03-31 00:00:00",68.76,629.752
"1963-04-30 00:00:00",70.14
"1963-05-31 00:00:00",70.11
"1963-06-30 00:00:00",69.07,644.444
"1963-07-31 00:00:00",70.98
"1963-08-31 00:00:00",72.85
"1963-09-30 00:00:00",73.03,653.938
"1963-10-31 00:00:00",72.62
"1963-11-30 00:00:00",74.17
"1963-12-31 00:00:00",76.45,669.822
"1964-01-31 00:00:00",77.39
"1964-02-29 00:00:00",78.8
"1964-03-31 00:00:00",79.94,678.674
"1964-04-30 00:00:00",80.72
"1964-05-31 00:00:00",80.24
"1964-06-30 00:00:00",83.22,692.031
"1964-07-31 00:00:00",82
"1964-08-31 00:00:00",83.41
"1964-09-30 00:00:00",84.85,697.319
"1964-10-31 00:00:00",85.44
"1964-11-30 00:00:00",83.96
"1964-12-31 00:00:00",86.12,717.79
"1965-01-31 00:00:00",86.75
"1965-02-28 00:00:00",86.83
"1965-03-31 00:00:00",87.97,730.191
"1965-04-30 00:00:00",89.28
"1965-05-31 00:00:00",85.04
"1965-06-30 00:00:00",84.91,749.323
"1965-07-31 00:00:00",86.49
"1965-08-31 00:00:00",89.38
"1965-09-30 00:00:00",91.39,771.857
"1965-10-31 00:00:00",92.15
"1965-11-30 00:00:00",91.73
"1965-12-31 00:00:00",93.32,795.734
"1966-01-31 00:00:00",92.69
"1966-02-28 00:00:00",88.88
"1966-03-31 00:00:00",91.6,804.981
"1966-04-30 00:00:00",86.78
"1966-05-31 00:00:00",86.06
"1966-06-30 00:00:00",85.84,819.638
"1966-07-31 00:00:00",80.65
"1966-08-31 00:00:00",77.81
"1966-09-30 00:00:00",77.13,833.302
"1966-10-31 00:00:00",80.99
"1966-11-30 00:00:00",81.33
"1966-12-31 00:00:00",84.45,844.17
"1967-01-31 00:00:00",87.36
"1967-02-28 00:00:00",89.42
"1967-03-31 00:00:00",90.96,848.983
"1967-04-30 00:00:00",92.59
"1967-05-31 00:00:00",91.43
"1967-06-30 00:00:00",93.01,865.233
"1967-07-31 00:00:00",94.49
"1967-08-31 00:00:00",95.81
"1967-09-30 00:00:00",95.66,881.439
"1967-10-31 00:00:00",92.66
"1967-11-30 00:00:00",95.3
"1967-12-31 00:00:00",95.04,909.387
"1968-01-31 00:00:00",90.75
"1968-02-29 00:00:00",89.09
"1968-03-31 00:00:00",95.67,934.344
"1968-04-30 00:00:00",97.87
"1968-05-31 00:00:00",100.5
"1968-06-30 00:00:00",100.3,950.825
"1968-07-31 00:00:00",98.11
"1968-08-31 00:00:00",101.3
"1968-09-30 00:00:00",103.8,968.03
"1968-10-31 00:00:00",105.4
"1968-11-30 00:00:00",106.5
"1968-12-31 00:00:00",102,993.337
"1969-01-31 00:00:00",101.5
"1969-02-28 00:00:00",99.3
"1969-03-31 00:00:00",101.3,1009.02
"1969-04-30 00:00:00",104.6
"1969-05-31 00:00:00",99.14
"1969-06-30 00:00:00",94.71,1029.956
"1969-07-31 00:00:00",94.18
"1969-08-31 00:00:00",94.51
"1969-09-30 00:00:00",95.52,1038.147
"1969-10-31 00:00:00",96.21
"1969-11-30 00:00:00",91.11
"1969-12-31 00:00:00",90.31,1051.2
"1970-01-31 00:00:00",87.16
"1970-02-28 00:00:00",88.65
"1970-03-31 00:00:00",85.95,1067.375
"1970-04-30 00:00:00",76.06
"1970-05-31 00:00:00",75.59
"1970-06-30 00:00:00",75.72,1086.059
"1970-07-31 00:00:00",77.92
"1970-08-31 00:00:00",82.58
"1970-09-30 00:00:00",84.37,1088.608
"1970-10-31 00:00:00",84.28
"1970-11-30 00:00:00",90.05
"1970-12-31 00:00:00",93.49,1135.156
"1971-01-31 00:00:00",97.11
"1971-02-28 00:00:00",99.6
"1971-03-31 00:00:00",103,1156.271
"1971-04-30 00:00:00",101.6
"1971-05-31 00:00:00",99.72
"1971-06-30 00:00:00",99,1177.675
"1971-07-31 00:00:00",97.24
"1971-08-31 00:00:00",99.4
"1971-09-30 00:00:00",97.29,1190.297
"1971-10-31 00:00:00",92.78
"1971-11-30 00:00:00",99.17
"1971-12-31 00:00:00",103.3,1230.609
"1972-01-31 00:00:00",105.2
"1972-02-29 00:00:00",107.7
"1972-03-31 00:00:00",108.8,1266.369
"1972-04-30 00:00:00",107.7
"1972-05-31 00:00:00",108
"1972-06-30 00:00:00",107.2,1290.566
"1972-07-31 00:00:00",111
"1972-08-31 00:00:00",109.4
"1972-09-30 00:00:00",109.6,1328.904
"1972-10-31 00:00:00",115.1
"1972-11-30 00:00:00",117.5
"1972-12-31 00:00:00",118.4,1377.49
"1973-01-31 00:00:00",114.2
"1973-02-28 00:00:00",112.4
"1973-03-31 00:00:00",110.3,1413.887
"1973-04-30 00:00:00",107.2
"1973-05-31 00:00:00",104.8
"1973-06-30 00:00:00",105.8,1433.838
"1973-07-31 00:00:00",103.8
"1973-08-31 00:00:00",105.6
"1973-09-30 00:00:00",109.8,1476.289
"1973-10-31 00:00:00",102
"1973-11-30 00:00:00",94.78
"1973-12-31 00:00:00",96.11,1491.209
"1974-01-31 00:00:00",93.45
"1974-02-28 00:00:00",97.44
"1974-03-31 00:00:00",92.46,1530.056
"1974-04-30 00:00:00",89.67
"1974-05-31 00:00:00",89.79
"1974-06-30 00:00:00",79.31,1560.026
"1974-07-31 00:00:00",76.03
"1974-08-31 00:00:00",68.12
"1974-09-30 00:00:00",69.44,1599.679
"1974-10-31 00:00:00",71.74
"1974-11-30 00:00:00",67.07
"1974-12-31 00:00:00",72.56,1616.116
"1975-01-31 00:00:00",80.1
"1975-02-28 00:00:00",83.78
"1975-03-31 00:00:00",84.72,1651.853
"1975-04-30 00:00:00",90.1
"1975-05-31 00:00:00",92.4
"1975-06-30 00:00:00",92.49,1709.82
"1975-07-31 00:00:00",85.71
"1975-08-31 00:00:00",84.67
"1975-09-30 00:00:00",88.57,1761.831
"1975-10-31 00:00:00",90.07
"1975-11-30 00:00:00",88.7
"1975-12-31 00:00:00",96.86,1820.487
"1976-01-31 00:00:00",100.6
"1976-02-29 00:00:00",101.1
"1976-03-31 00:00:00",101.9,1852.332
"1976-04-30 00:00:00",101.2
"1976-05-31 00:00:00",101.8
"1976-06-30 00:00:00",104.2,1886.558
"1976-07-31 00:00:00",103.3
"1976-08-31 00:00:00",105.5
"1976-09-30 00:00:00",101.9,1934.273
"1976-10-31 00:00:00",101.2
"1976-11-30 00:00:00",104.7
"1976-12-31 00:00:00",103.8,1988.648
"1977-01-31 00:00:00",101
"1977-02-28 00:00:00",100.6
"1977-03-31 00:00:00",99.05,2055.909
"1977-04-30 00:00:00",98.76
"1977-05-31 00:00:00",99.29
"1977-06-30 00:00:00",100.2,2118.473
"1977-07-31 00:00:00",97.75
"1977-08-31 00:00:00",96.23
"1977-09-30 00:00:00",93.74,2164.27
"1977-10-31 00:00:00",94.28
"1977-11-30 00:00:00",93.82
"1977-12-31 00:00:00",90.25,2202.76
"1978-01-31 00:00:00",88.98
"1978-02-28 00:00:00",88.82
"1978-03-31 00:00:00",92.71,2331.633
"1978-04-30 00:00:00",97.41
"1978-05-31 00:00:00",97.66
"1978-06-30 00:00:00",97.19,2395.053
"1978-07-31 00:00:00",103.9
"1978-08-31 00:00:00",103.9
"1978-09-30 00:00:00",100.6,2476.949
"1978-10-31 00:00:00",94.71
"1978-11-30 00:00:00",96.11
"1978-12-31 00:00:00",99.71,2526.61
"1979-01-31 00:00:00",98.23
"1979-02-28 00:00:00",100.1
"1979-03-31 00:00:00",102.1,2591.247
"1979-04-30 00:00:00",99.73
"1979-05-31 00:00:00",101.7
"1979-06-30 00:00:00",102.7,2667.565
"1979-07-31 00:00:00",107.4
"1979-08-31 00:00:00",108.6
"1979-09-30 00:00:00",104.5,2723.883
"1979-10-31 00:00:00",103.7
"1979-11-30 00:00:00",107.8
"1979-12-31 00:00:00",110.9,2789.842
"1980-01-31 00:00:00",115.3
"1980-02-29 00:00:00",104.7
"1980-03-31 00:00:00",103,2797.352
"1980-04-30 00:00:00",107.7
"1980-05-31 00:00:00",114.6
"1980-06-30 00:00:00",119.8,2856.483
"1980-07-31 00:00:00",123.5
"1980-08-31 00:00:00",126.5
"1980-09-30 00:00:00",130.2,2985.557
"1980-10-31 00:00:00",135.7
"1980-11-30 00:00:00",133.5
"1980-12-31 00:00:00",133,3124.206
"1981-01-31 00:00:00",128.4
"1981-02-28 00:00:00",133.2
"1981-03-31 00:00:00",134.4,3162.532
"1981-04-30 00:00:00",131.7
"1981-05-31 00:00:00",132.3
"1981-06-30 00:00:00",129.1,3260.609
"1981-07-31 00:00:00",129.6
"1981-08-31 00:00:00",118.3
"1981-09-30 00:00:00",119.8,3280.818
"1981-10-31 00:00:00",122.9
"1981-11-30 00:00:00",123.8
"1981-12-31 00:00:00",117.3,3274.302
"1982-01-31 00:00:00",114.5
"1982-02-28 00:00:00",110.8
"1982-03-31 00:00:00",116.3,3331.972
"1982-04-30 00:00:00",116.4
"1982-05-31 00:00:00",109.7
"1982-06-30 00:00:00",109.4,3366.322
"1982-07-31 00:00:00",109.7
"1982-08-31 00:00:00",122.4
"1982-09-30 00:00:00",132.7,3402.561
"1982-10-31 00:00:00",138.1
"1982-11-30 00:00:00",139.4
"1982-12-31 00:00:00",144.3,3473.413
"1983-01-31 00:00:00",146.8
"1983-02-28 00:00:00",151.9
"1983-03-31 00:00:00",157.7,3578.848
"1983-04-30 00:00:00",164.1
"1983-05-31 00:00:00",166.4
"1983-06-30 00:00:00",167,3689.179
"1983-07-31 00:00:00",162.4
"1983-08-31 00:00:00",167.2
"1983-09-30 00:00:00",167.7,3794.706
"1983-10-31 00:00:00",165.2
"1983-11-30 00:00:00",164.4
"1983-12-31 00:00:00",166.4,3908.054
"1984-01-31 00:00:00",157.3
"1984-02-29 00:00:00",157.4
"1984-03-31 00:00:00",157.6,4009.601
"1984-04-30 00:00:00",156.6
"1984-05-31 00:00:00",153.1
"1984-06-30 00:00:00",151.1,4084.25
"1984-07-31 00:00:00",164.4
"1984-08-31 00:00:00",166.1
"1984-09-30 00:00:00",164.8,4148.551
"1984-10-31 00:00:00",166.3
"1984-11-30 00:00:00",164.5
"1984-12-31 00:00:00",171.6,4230.168
"1985-01-31 00:00:00",180.9
"1985-02-28 00:00:00",179.4
"1985-03-31 00:00:00",180.6,4294.887
"1985-04-30 00:00:00",184.9
"1985-05-31 00:00:00",188.9
"1985-06-30 00:00:00",192.5,4386.773
"1985-07-31 00:00:00",188.3
"1985-08-31 00:00:00",184.1
"1985-09-30 00:00:00",186.2,4444.094
"1985-10-31 00:00:00",197.5
"1985-11-30 00:00:00",207.3
"1985-12-31 00:00:00",208.2,4507.894
"1986-01-31 00:00:00",219.4
"1986-02-28 00:00:00",232.3
"1986-03-31 00:00:00",238,4545.34
"1986-04-30 00:00:00",238.5
"1986-05-31 00:00:00",245.3
"1986-06-30 00:00:00",240.2,4607.669
"1986-07-31 00:00:00",245
"1986-08-31 00:00:00",238.3
"1986-09-30 00:00:00",237.4,4657.627
"1986-10-31 00:00:00",245.1
"1986-11-30 00:00:00",248.6
"1986-12-31 00:00:00",264.5,4722.156
"1987-01-31 00:00:00",280.9
"1987-02-28 00:00:00",292.5
"1987-03-31 00:00:00",289.3,4806.16
"1987-04-30 00:00:00",289.1
"1987-05-31 00:00:00",301.4
"1987-06-30 00:00:00",310.1,4884.555
"1987-07-31 00:00:00",329.4
"1987-08-31 00:00:00",318.7
"1987-09-30 00:00:00",280.2,5007.994
"1987-10-31 00:00:00",245
"1987-11-30 00:00:00",241
"1987-12-31 00:00:00",250.5,5073.372
"1988-01-31 00:00:00",258.1
"1988-02-29 00:00:00",265.7
"1988-03-31 00:00:00",262.6,5190.036
"1988-04-30 00:00:00",256.1
"1988-05-31 00:00:00",270.7
"1988-06-30 00:00:00",269.1,5282.835
"1988-07-31 00:00:00",263.7
"1988-08-31 00:00:00",268
"1988-09-30 00:00:00",277.4,5399.509
"1988-10-31 00:00:00",271
"1988-11-30 00:00:00",276.5
"1988-12-31 00:00:00",285.4,5511.253
"1989-01-31 00:00:00",294
"1989-02-28 00:00:00",292.7
"1989-03-31 00:00:00",302.3,5612.463
"1989-04-30 00:00:00",313.9
"1989-05-31 00:00:00",323.7
"1989-06-30 00:00:00",331.9,5695.365
"1989-07-31 00:00:00",346.6
"1989-08-31 00:00:00",347.3
"1989-09-30 00:00:00",347.4,5747.237
"1989-10-31 00:00:00",340.2
"1989-11-30 00:00:00",348.6
"1989-12-31 00:00:00",339.97,5872.701
"1990-01-31 00:00:00",330.45
"1990-02-28 00:00:00",338.46
"1990-03-31 00:00:00",338.18,5960.028
"1990-04-30 00:00:00",350.25
"1990-05-31 00:00:00",360.39
"1990-06-30 00:00:00",360.03,6015.116
"1990-07-31 00:00:00",330.75
"1990-08-31 00:00:00",315.41
"1990-09-30 00:00:00",307.12,6004.733
"1990-10-31 00:00:00",315.29
"1990-11-30 00:00:00",328.75
"1990-12-31 00:00:00",325.49,6035.178
"1991-01-31 00:00:00",362.26
"1991-02-28 00:00:00",372.28
"1991-03-31 00:00:00",379.68,6126.862
"1991-04-30 00:00:00",377.99
"1991-05-31 00:00:00",378.29
"1991-06-30 00:00:00",380.23,6205.937
"1991-07-31 00:00:00",389.4
"1991-08-31 00:00:00",387.2
"1991-09-30 00:00:00",386.88,6264.54
"1991-10-31 00:00:00",385.92
"1991-11-30 00:00:00",388.51
"1991-12-31 00:00:00",416.08,6363.102
"1992-01-31 00:00:00",412.56
"1992-02-29 00:00:00",407.36
"1992-03-31 00:00:00",407.41,6470.763
"1992-04-30 00:00:00",414.81
"1992-05-31 00:00:00",408.27
"1992-06-30 00:00:00",415.05,6566.641
"1992-07-31 00:00:00",417.93
"1992-08-31 00:00:00",418.48
"1992-09-30 00:00:00",412.5,6680.803
"1992-10-31 00:00:00",422.84
"1992-11-30 00:00:00",435.64
"1992-12-31 00:00:00",435.23,6729.459
"1993-01-31 00:00:00",441.7
"1993-02-28 00:00:00",450.16
"1993-03-31 00:00:00",443.08,6808.939
"1993-04-30 00:00:00",445.25
"1993-05-31 00:00:00",448.06
"1993-06-30 00:00:00",447.29,6882.098
"1993-07-31 00:00:00",454.13
"1993-08-31 00:00:00",459.24
"1993-09-30 00:00:00",463.9,7013.738
"1993-10-31 00:00:00",462.89
"1993-11-30 00:00:00",465.95
"1993-12-31 00:00:00",472.99,7115.652
"1994-01-31 00:00:00",471.58
"1994-02-28 00:00:00",463.81
"1994-03-31 00:00:00",447.23,7246.931
"1994-04-30 00:00:00",450.9
"1994-05-31 00:00:00",454.83
"1994-06-30 00:00:00",451.4,7331.075
"1994-07-31 00:00:00",464.24
"1994-08-31 00:00:00",466.96
"1994-09-30 00:00:00",463.81,7455.288
"1994-10-31 00:00:00",461.01
"1994-11-30 00:00:00",455.19
"1994-12-31 00:00:00",465.25,7522.289
"1995-01-31 00:00:00",481.92
"1995-02-28 00:00:00",493.15
"1995-03-31 00:00:00",507.91,7580.997
"1995-04-30 00:00:00",523.81
"1995-05-31 00:00:00",539.35
"1995-06-30 00:00:00",557.37,7683.125
"1995-07-31 00:00:00",559.11
"1995-08-31 00:00:00",578.77
"1995-09-30 00:00:00",582.92,7772.586
"1995-10-31 00:00:00",595.53
"1995-11-30 00:00:00",614.57
"1995-12-31 00:00:00",614.42,7868.468
"1996-01-31 00:00:00",649.54
"1996-02-29 00:00:00",647.07
"1996-03-31 00:00:00",647.17,8032.84
"1996-04-30 00:00:00",661.23
"1996-05-31 00:00:00",668.5
"1996-06-30 00:00:00",644.07,8131.408
"1996-07-31 00:00:00",662.68
"1996-08-31 00:00:00",674.88
"1996-09-30 00:00:00",701.46,8259.771
"1996-10-31 00:00:00",735.67
"1996-11-30 00:00:00",743.25
"1996-12-31 00:00:00",766.22,8362.655
"1997-01-31 00:00:00",798.39
"1997-02-28 00:00:00",792.16
"1997-03-31 00:00:00",763.93,8518.825
"1997-04-30 00:00:00",833.09
"1997-05-31 00:00:00",876.29
"1997-06-30 00:00:00",925.29,8662.823
"1997-07-31 00:00:00",927.24
"1997-08-31 00:00:00",937.02
"1997-09-30 00:00:00",951.16,8765.907
"1997-10-31 00:00:00",938.92
"1997-11-30 00:00:00",962.37
"1997-12-31 00:00:00",963.36,8866.48
"1998-01-31 00:00:00",1023.74
"1998-02-28 00:00:00",1076.83
"1998-03-31 00:00:00",1112.2,8969.699
"1998-04-30 00:00:00",1108.42
"1998-05-31 00:00:00",1108.39
"1998-06-30 00:00:00",1156.58,9121.097
"1998-07-31 00:00:00",1074.62
"1998-08-31 00:00:00",1020.64
"1998-09-30 00:00:00",1032.47,9293.991
"1998-10-31 00:00:00",1144.43
"1998-11-30 00:00:00",1190.05
"1998-12-31 00:00:00",1248.77,9417.264
"1999-01-31 00:00:00",1246.58
"1999-02-28 00:00:00",1281.66
"1999-03-31 00:00:00",1334.76,9524.152
"1999-04-30 00:00:00",1332.07
"1999-05-31 00:00:00",1322.55
"1999-06-30 00:00:00",1380.99,9681.856
"1999-07-31 00:00:00",1327.49
"1999-08-31 00:00:00",1318.17
"1999-09-30 00:00:00",1300.01,9899.378
"1999-10-31 00:00:00",1391
"1999-11-30 00:00:00",1428.68
"1999-12-31 00:00:00",1425.59,10002.857
"2000-01-31 00:00:00",1388.87
"2000-02-29 00:00:00",1442.21
"2000-03-31 00:00:00",1461.36,10247.679
"2000-04-30 00:00:00",1418.48
"2000-05-31 00:00:00",1461.96
"2000-06-30 00:00:00",1473,10319.825
"2000-07-31 00:00:00",1485.46
"2000-08-31 00:00:00",1468.05
"2000-09-30 00:00:00",1390.14,10439.025
"2000-10-31 00:00:00",1378.04
"2000-11-30 00:00:00",1330.93
"2000-12-31 00:00:00",1335.63,10472.879
"2001-01-31 00:00:00",1305.75
"2001-02-28 00:00:00",1185.85
"2001-03-31 00:00:00",1189.84,10597.822
"2001-04-30 00:00:00",1270.37
"2001-05-31 00:00:00",1238.71
"2001-06-30 00:00:00",1204.45,10596.294
"2001-07-31 00:00:00",1178.5
"2001-08-31 00:00:00",1044.64
"2001-09-30 00:00:00",1076.59,10660.294
"2001-10-31 00:00:00",1129.68
"2001-11-30 00:00:00",1144.93
"2001-12-31 00:00:00",1140.21,10788.952
"2002-01-31 00:00:00",1100.67
"2002-02-28 00:00:00",1153.79
"2002-03-31 00:00:00",1111.93,10893.207
"2002-04-30 00:00:00",1079.25
"2002-05-31 00:00:00",1014.02
"2002-06-30 00:00:00",903.59,10992.051
"2002-07-31 00:00:00",912.55
"2002-08-31 00:00:00",867.81
"2002-09-30 00:00:00",854.63,11071.463
"2002-10-31 00:00:00",909.93
"2002-11-30 00:00:00",899.18
"2002-12-31 00:00:00",895.84,11183.507
"2003-01-31 00:00:00",837.03
"2003-02-28 00:00:00",846.63
"2003-03-31 00:00:00",890.03,11312.875
"2003-04-30 00:00:00",935.96
"2003-05-31 00:00:00",988
"2003-06-30 00:00:00",992.54,11567.326
"2003-07-31 00:00:00",989.53
"2003-08-31 00:00:00",1019.44
"2003-09-30 00:00:00",1038.73,11769.275
"2003-10-31 00:00:00",1049.9
"2003-11-30 00:00:00",1080.64
"2003-12-31 00:00:00",1132.52,11920.169
"2004-01-31 00:00:00",1143.36
"2004-02-29 00:00:00",1123.98
"2004-03-31 00:00:00",1133.36,12108.987
"2004-04-30 00:00:00",1102.78
"2004-05-31 00:00:00",1132.76
"2004-06-30 00:00:00",1105.85,12303.34
"2004-07-31 00:00:00",1088.94
"2004-08-31 00:00:00",1117.66
"2004-09-30 00:00:00",1117.21,12522.425
"2004-10-31 00:00:00",1168.94
"2004-11-30 00:00:00",1199.21
"2004-12-31 00:00:00",1181.41,12761.337
"2005-01-31 00:00:00",1199.63
"2005-02-28 00:00:00",1194.9
"2005-03-31 00:00:00",1164.43,12910.022
"2005-04-30 00:00:00",1178.28
"2005-05-31 00:00:00",1202.25
"2005-06-30 00:00:00",1222.24,13142.873
"2005-07-31 00:00:00",1224.27
"2005-08-31 00:00:00",1225.92
"2005-09-30 00:00:00",1191.96,13332.316
"2005-10-31 00:00:00",1237.37
"2005-11-30 00:00:00",1262.07
"2005-12-31 00:00:00",1278.73,13603.933
"2006-01-31 00:00:00",1276.65
"2006-02-28 00:00:00",1293.74
"2006-03-31 00:00:00",1302.17,13749.806
"2006-04-30 00:00:00",1290.01
"2006-05-31 00:00:00",1253.17
"2006-06-30 00:00:00",1260.24,13867.469
"2006-07-31 00:00:00",1287.15
"2006-08-31 00:00:00",1317.74
"2006-09-30 00:00:00",1363.38,14037.228
"2006-10-31 00:00:00",1388.64
"2006-11-30 00:00:00",1416.42
"2006-12-31 00:00:00",1424.16,14208.569
"2007-01-31 00:00:00",1444.8
"2007-02-28 00:00:00",1406.95
"2007-03-31 00:00:00",1463.64,14382.363
"2007-04-30 00:00:00",1511.14
"2007-05-31 00:00:00",1514.19
"2007-06-30 00:00:00",1520.71,14535.003
"2007-07-31 00:00:00",1454.62
"2007-08-31 00:00:00",1497.12
"2007-09-30 00:00:00",1539.66,14681.501
"2007-10-31 00:00:00",1463.39
"2007-11-30 00:00:00",1479.22
"2007-12-31 00:00:00",1378.76,14651.039
"2008-01-31 00:00:00",1354.87
"2008-02-29 00:00:00",1316.94
"2008-03-31 00:00:00",1370.47,14805.611
"2008-04-30 00:00:00",1403.22
"2008-05-31 00:00:00",1341.25
"2008-06-30 00:00:00",1257.33,14835.187
"2008-07-31 00:00:00",1281.47
"2008-08-31 00:00:00",1216.95
"2008-09-30 00:00:00",968.8,14559.543
"2008-10-31 00:00:00",883.04
"2008-11-30 00:00:00",877.56
"2008-12-31 00:00:00",865.58,14394.547
"2009-01-31 00:00:00",805.23
"2009-02-28 00:00:00",757.13
"2009-03-31 00:00:00",848.15,14352.85
"2009-04-30 00:00:00",902.41
"2009-05-31 00:00:00",926.12
"2009-06-30 00:00:00",935.82,14420.312
"2009-07-31 00:00:00",1009.73
"2009-08-31 00:00:00",1044.55
"2009-09-30 00:00:00",1067.66,14628.021
"2009-10-31 00:00:00",1088.07
"2009-11-30 00:00:00",1110.38
"2009-12-31 00:00:00",1123.58,14721.35
"2010-01-31 00:00:00",1089.16
"2010-02-28 00:00:00",1152.05
"2010-03-31 00:00:00",1197.32,14926.098
"2010-04-30 00:00:00",1125.06
"2010-05-31 00:00:00",1083.36
"2010-06-30 00:00:00",1079.8,15079.917
"2010-07-31 00:00:00",1087.28
"2010-08-31 00:00:00",1122.08
"2010-09-30 00:00:00",1171.58,15240.843
"2010-10-31 00:00:00",1198.89
"2010-11-30 00:00:00",1241.53
"2010-12-31 00:00:00",1282.62,15285.828
"2011-01-31 00:00:00",1321.12
"2011-02-28 00:00:00",1304.49
"2011-03-31 00:00:00",1331.51,15496.189
"2011-04-30 00:00:00",1338.31
"2011-05-31 00:00:00",1287.29
"2011-06-30 00:00:00",1325.19,15591.85
"2011-07-31 00:00:00",1185.31
"2011-08-31 00:00:00",1173.88
"2011-09-30 00:00:00",1207.22,15796.46
"2011-10-31 00:00:00",1226.42
"2011-11-30 00:00:00",1243.32
"2011-12-31 00:00:00",1300.58,16019.758
"2012-01-31 00:00:00",1352.49
"2012-02-29 00:00:00",1389.24
"2012-03-31 00:00:00",1386.43,16152.257
"2012-04-30 00:00:00",1341.27
"2012-05-31 00:00:00",1323.48
"2012-06-30 00:00:00",1359.78,16257.151
"2012-07-31 00:00:00",1403.45
"2012-08-31 00:00:00",1443.42
"2012-09-30 00:00:00",1437.82,16358.863
"2012-10-31 00:00:00",1394.51
"2012-11-30 00:00:00",1422.29
"2012-12-31 00:00:00",1480.4,16569.591
"2013-01-31 00:00:00",1512.31
"2013-02-28 00:00:00",1550.83
"2013-03-31 00:00:00",1570.7,16637.926
"2013-04-30 00:00:00",1639.84
"2013-05-31 00:00:00",1618.77
"2013-06-30 00:00:00",1668.68,16848.748
"2013-07-31 00:00:00",1670.09
"2013-08-31 00:00:00",1687.17
"2013-09-30 00:00:00",1720.03,17083.137
"2013-10-31 00:00:00",1783.54
"2013-11-30 00:00:00",1807.78
"2013-12-31 00:00:00",1822.36,17104.555
"2014-01-31 00:00:00",1817.04
"2014-02-28 00:00:00",1863.52
"2014-03-31 00:00:00",1864.26,17432.909
"2014-04-30 00:00:00",1889.77
"2014-05-31 00:00:00",1947.09
"2014-06-30 00:00:00",1973.1,17721.657
"2014-07-31 00:00:00",1961.53
"2014-08-31 00:00:00",1993.23
"2014-09-30 00:00:00",1937.27,17849.912
"2014-10-31 00:00:00",2044.57
"2014-11-30 00:00:00",2054.27
"2014-12-31 00:00:00",2028.18,18003.399
"2015-01-31 00:00:00",2082.2
"2015-02-28 00:00:00",2079.99
"2015-03-31 00:00:00",2094.86,18223.577
"2015-04-30 00:00:00",2111.94
"2015-05-31 00:00:00",2099.29
"2015-06-30 00:00:00",2094.14,18347.425
"2015-07-31 00:00:00",2039.87
"2015-08-31 00:00:00",1944.41
"2015-09-30 00:00:00",2024.81,18378.803
"2015-10-31 00:00:00",2080.62
"2015-11-30 00:00:00",2054.08
"2015-12-31 00:00:00",,18470.156
"2016-01-03 00:00:00",2012.66
"2016-01-04 00:00:00",2016.71
"2016-01-05 00:00:00",1990.26
"2016-01-06 00:00:00",1943.09
"2016-01-07 00:00:00",1922.03
"2016-01-10 00:00:00",1923.67
"2016-01-11 00:00:00",1938.68
"2016-01-12 00:00:00",1890.28
"2016-01-13 00:00:00",1921.84
"2016-01-14 00:00:00",1880.33
"2016-01-18 00:00:00",1881.33
"2016-01-19 00:00:00",1859.33
"2016-01-20 00:00:00",1868.99
"2016-01-21 00:00:00",1906.9
"2016-01-24 00:00:00",1877.08
"2016-01-25 00:00:00",1903.63
"2016-01-26 00:00:00",1882.95
"2016-01-27 00:00:00",1893.36
"2016-01-28 00:00:00",1940.24
"2016-01-31 00:00:00",1939.38
"2016-02-01 00:00:00",1903.03
"2016-02-02 00:00:00",1912.53
"2016-02-03 00:00:00",1915.45
"2016-02-04 00:00:00",1880.05
"2016-02-07 00:00:00",1853.44
"2016-02-08 00:00:00",1852.21
"2016-02-09 00:00:00",1851.86
"2016-02-10 00:00:00",1829.08
"2016-02-11 00:00:00",1864.78
"2016-02-15 00:00:00",1895.58
"2016-02-16 00:00:00",1926.82
"2016-02-17 00:00:00",1917.83
"2016-02-18 00:00:00",1917.78
"2016-02-21 00:00:00",1945.5
"2016-02-22 00:00:00",1921.27
"2016-02-23 00:00:00",1929.8
"2016-02-24 00:00:00",1951.7
"2016-02-25 00:00:00",1948.05
"2016-02-28 00:00:00",1932.23
"2016-02-29 00:00:00",1978.35
"2016-03-01 00:00:00",1986.45
"2016-03-02 00:00:00",1993.4
"2016-03-03 00:00:00",1999.99
"2016-03-06 00:00:00",2001.76
"2016-03-07 00:00:00",1979.26
"2016-03-08 00:00:00",1989.26
"2016-03-09 00:00:00",1989.57
"2016-03-10 00:00:00",2022.19
"2016-03-13 00:00:00",2019.64
"2016-03-14 00:00:00",2015.93
"2016-03-15 00:00:00",2027.22
"2016-03-16 00:00:00",2040.59
"2016-03-17 00:00:00",2049.58
"2016-03-20 00:00:00",2051.6
"2016-03-21 00:00:00",2049.8
"2016-03-22 00:00:00",2036.71
"2016-03-23 00:00:00",2035.94
"2016-03-27 00:00:00",2037.05
"2016-03-28 00:00:00",2055.01
"2016-03-29 00:00:00",2063.95
"2016-03-30 00:00:00",2059.74
"2016-03-31 00:00:00",2072.78,18656.207
"2016-04-03 00:00:00",2066.13
"2016-04-04 00:00:00",2045.17
"2016-04-05 00:00:00",2066.66
"2016-04-06 00:00:00",2041.91
"2016-04-07 00:00:00",2047.6
"2016-04-10 00:00:00",2041.99
"2016-04-11 00:00:00",2061.72
"2016-04-12 00:00:00",2082.42
"2016-04-13 00:00:00",2082.78
"2016-04-14 00:00:00",2080.73
"2016-04-17 00:00:00",2094.34
"2016-04-18 00:00:00",2100.8
"2016-04-19 00:00:00",2102.4
"2016-04-20 00:00:00",2091.48
"2016-04-21 00:00:00",2091.58
"2016-04-24 00:00:00",2087.79
"2016-04-25 00:00:00",2091.7
"2016-04-26 00:00:00",2095.15
"2016-04-27 00:00:00",2075.81
"2016-04-28 00:00:00",2065.3
"2016-05-01 00:00:00",2081.43
"2016-05-02 00:00:00",2063.37
"2016-05-03 00:00:00",2051.12
"2016-05-04 00:00:00",2050.63
"2016-05-05 00:00:00",2057.14
"2016-05-08 00:00:00",2058.69
"2016-05-09 00:00:00",2084.39
"2016-05-10 00:00:00",2064.46
"2016-05-11 00:00:00",2064.11
"2016-05-12 00:00:00",2046.61
"2016-05-15 00:00:00",2066.66
"2016-05-16 00:00:00",2047.21
"2016-05-17 00:00:00",2047.63
"2016-05-18 00:00:00",2040.04
"2016-05-19 00:00:00",2052.32
"2016-05-22 00:00:00",2048.04
"2016-05-23 00:00:00",2076.06
"2016-05-24 00:00:00",2090.54
"2016-05-25 00:00:00",2090.1
"2016-05-26 00:00:00",2099.06
"2016-05-30 00:00:00",2096.96
"2016-05-31 00:00:00",2099.33
"2016-06-01 00:00:00",2105.26
"2016-06-02 00:00:00",2099.13
"2016-06-05 00:00:00",2109.41
"2016-06-06 00:00:00",2112.13
"2016-06-07 00:00:00",2119.12
"2016-06-08 00:00:00",2115.48
"2016-06-09 00:00:00",2096.07
"2016-06-12 00:00:00",2079.06
"2016-06-13 00:00:00",2075.32
"2016-06-14 00:00:00",2071.5
"2016-06-15 00:00:00",2077.99
"2016-06-16 00:00:00",2071.22
"2016-06-19 00:00:00",2083.25
"2016-06-20 00:00:00",2088.9
"2016-06-21 00:00:00",2085.45
"2016-06-22 00:00:00",2113.32
"2016-06-23 00:00:00",2037.41
"2016-06-26 00:00:00",2000.54
"2016-06-27 00:00:00",2036.09
"2016-06-28 00:00:00",2070.77
"2016-06-29 00:00:00",2098.86
"2016-06-30 00:00:00",2102.95,18821.359
"2016-07-04 00:00:00",2088.55
"2016-07-05 00:00:00",2099.73
"2016-07-06 00:00:00",2097.9
"2016-07-07 00:00:00",2129.9
"2016-07-10 00:00:00",2137.16
"2016-07-11 00:00:00",2152.14
"2016-07-12 00:00:00",2152.43
"2016-07-13 00:00:00",2163.75
"2016-07-14 00:00:00",2161.74
"2016-07-17 00:00:00",2166.89
"2016-07-18 00:00:00",2163.78
"2016-07-19 00:00:00",2173.02
"2016-07-20 00:00:00",2165.17
"2016-07-21 00:00:00",2175.03
"2016-07-24 00:00:00",2168.48
"2016-07-25 00:00:00",2169.18
"2016-07-26 00:00:00",2166.58
"2016-07-27 00:00:00",2170.06
"2016-07-28 00:00:00",2173.6
"2016-07-31 00:00:00",2170.84
"2016-08-01 00:00:00",2157.03
"2016-08-02 00:00:00",2163.79
"2016-08-03 00:00:00",2164.25
"2016-08-04 00:00:00",2182.87
"2016-08-07 00:00:00",2180.89
"2016-08-08 00:00:00",2181.74
"2016-08-09 00:00:00",2175.49
"2016-08-10 00:00:00",2185.79
"2016-08-11 00:00:00",2184.05
"2016-08-14 00:00:00",2190.15
"2016-08-15 00:00:00",2178.15
"2016-08-16 00:00:00",2182.22
"2016-08-17 00:00:00",2187.02
"2016-08-18 00:00:00",2183.87
"2016-08-21 00:00:00",2182.64
"2016-08-22 00:00:00",2186.9
"2016-08-23 00:00:00",2175.44
"2016-08-24 00:00:00",2172.47
"2016-08-25 00:00:00",2169.04
"2016-08-28 00:00:00",2180.38
"2016-08-29 00:00:00",2176.12
"2016-08-30 00:00:00",2170.95
"2016-08-31 00:00:00",2170.86
"2016-09-01 00:00:00",2179.98
"2016-09-05 00:00:00",2186.48
"2016-09-06 00:00:00",2186.16
"2016-09-07 00:00:00",2181.3
"2016-09-08 00:00:00",2127.81
"2016-09-11 00:00:00",2159.04
"2016-09-12 00:00:00",2127.02
"2016-09-13 00:00:00",2125.77
"2016-09-14 00:00:00",2147.26
"2016-09-15 00:00:00",2139.16
"2016-09-18 00:00:00",2139.12
"2016-09-19 00:00:00",2139.76
"2016-09-20 00:00:00",2163.12
"2016-09-21 00:00:00",2177.18
"2016-09-22 00:00:00",2164.69
"2016-09-25 00:00:00",2146.1
"2016-09-26 00:00:00",2159.93
"2016-09-27 00:00:00",2171.37
"2016-09-28 00:00:00",2151.13
"2016-09-29 00:00:00",2168.27
"2016-09-30 00:00:00",,19032.58
"2016-10-02 00:00:00",2161.2
"2016-10-03 00:00:00",2150.49
"2016-10-04 00:00:00",2159.73
"2016-10-05 00:00:00",2160.77
"2016-10-06 00:00:00",2153.74
"2016-10-09 00:00:00",2163.66
"2016-10-10 00:00:00",2136.73
"2016-10-11 00:00:00",2139.18
"2016-10-12 00:00:00",2132.55
"2016-10-13 00:00:00",2132.98
"2016-10-16 00:00:00",2126.5
"2016-10-17 00:00:00",2139.6
"2016-10-18 00:00:00",2144.29
"2016-10-19 00:00:00",2141.34
"2016-10-20 00:00:00",2141.16
"2016-10-23 00:00:00",2151.33
"2016-10-24 00:00:00",2143.16
"2016-10-25 00:00:00",2139.43
"2016-10-26 00:00:00",2133.04
"2016-10-27 00:00:00",2126.41
"2016-10-30 00:00:00",2126.15
"2016-10-31 00:00:00",2111.72
"2016-11-01 00:00:00",2097.94
"2016-11-02 00:00:00",2088.66
"2016-11-03 00:00:00",2085.18
"2016-11-06 00:00:00",2131.52
"2016-11-07 00:00:00",2139.56
"2016-11-08 00:00:00",2163.26
"2016-11-09 00:00:00",2167.48
"2016-11-10 00:00:00",2164.45
"2016-11-13 00:00:00",2164.2
"2016-11-14 00:00:00",2180.39
"2016-11-15 00:00:00",2176.94
"2016-11-16 00:00:00",2187.12
"2016-11-17 00:00:00",2181.9
"2016-11-20 00:00:00",2198.18
"2016-11-21 00:00:00",2202.94
"2016-11-22 00:00:00",2204.72
"2016-11-24 00:00:00",2213.35
"2016-11-27 00:00:00",2201.72
"2016-11-28 00:00:00",2204.66
"2016-11-29 00:00:00",2198.81
"2016-11-30 00:00:00",2191.08
"2016-12-01 00:00:00",2191.95
"2016-12-04 00:00:00",2204.71
"2016-12-05 00:00:00",2212.23
"2016-12-06 00:00:00",2241.35
"2016-12-07 00:00:00",2246.19
"2016-12-08 00:00:00",2259.53
"2016-12-11 00:00:00",2256.96
"2016-12-12 00:00:00",2271.72
"2016-12-13 00:00:00",2253.28
"2016-12-14 00:00:00",2262.03
"2016-12-15 00:00:00",2258.07
"2016-12-18 00:00:00",2262.53
"2016-12-19 00:00:00",2270.76
"2016-12-20 00:00:00",2265.18
"2016-12-21 00:00:00",2260.96
"2016-12-22 00:00:00",2263.79
"2016-12-26 00:00:00",2268.88
"2016-12-27 00:00:00",2249.92
"2016-12-28 00:00:00",2249.26
"2016-12-29 00:00:00",2238.83
"2016-12-31 00:00:00",,19237.435
"2017-01-02 00:00:00",2257.83
"2017-01-03 00:00:00",2270.75
"2017-01-04 00:00:00",2269
"2017-01-05 00:00:00",2276.98
"2017-01-08 00:00:00",2268.9
"2017-01-09 00:00:00",2268.9
"2017-01-10 00:00:00",2275.32
"2017-01-11 00:00:00",2270.44
"2017-01-12 00:00:00",2274.64
"2017-01-16 00:00:00",2267.89
"2017-01-17 00:00:00",2271.89
"2017-01-18 00:00:00",2263.69
"2017-01-19 00:00:00",2271.31
"2017-01-22 00:00:00",2265.2
"2017-01-23 00:00:00",2280.07
"2017-01-24 00:00:00",2298.37
"2017-01-25 00:00:00",2296.68
"2017-01-26 00:00:00",2294.69
"2017-01-29 00:00:00",2280.9
"2017-01-30 00:00:00",2278.87
"2017-01-31 00:00:00",2279.55
"2017-02-01 00:00:00",2280.85
"2017-02-02 00:00:00",2297.42
"2017-02-05 00:00:00",2292.56
"2017-02-06 00:00:00",2293.08
"2017-02-07 00:00:00",2294.67
"2017-02-08 00:00:00",2307.87
"2017-02-09 00:00:00",2316.1
"2017-02-12 00:00:00",2328.25
"2017-02-13 00:00:00",2337.58
"2017-02-14 00:00:00",2349.25
"2017-02-15 00:00:00",2347.22
"2017-02-16 00:00:00",2351.16
"2017-02-20 00:00:00",2365.38
"2017-02-21 00:00:00",2362.82
"2017-02-22 00:00:00",2363.81
"2017-02-23 00:00:00",2367.34
"2017-02-26 00:00:00",2369.75
"2017-02-27 00:00:00",2363.64
"2017-02-28 00:00:00",2395.96
"2017-03-01 00:00:00",2381.92
"2017-03-02 00:00:00",2383.12
"2017-03-05 00:00:00",2375.31
"2017-03-06 00:00:00",2368.39
"2017-03-07 00:00:00",2362.98
"2017-03-08 00:00:00",2364.87
"2017-03-09 00:00:00",2372.6
"2017-03-12 00:00:00",2373.47
"2017-03-13 00:00:00",2365.45
"2017-03-14 00:00:00",2385.26
"2017-03-15 00:00:00",2381.38
"2017-03-16 00:00:00",2378.25
"2017-03-19 00:00:00",2373.47
"2017-03-20 00:00:00",2344.02
"2017-03-21 00:00:00",2348.45
"2017-03-22 00:00:00",2345.96
"2017-03-23 00:00:00",2343.98
"2017-03-26 00:00:00",2341.59
"2017-03-27 00:00:00",2358.57
"2017-03-28 00:00:00",2361.13
"2017-03-29 00:00:00",2368.06
"2017-03-30 00:00:00",2362.72
"2017-03-31 00:00:00",,19379.232
"2017-04-02 00:00:00",2358.84
"2017-04-03 00:00:00",2360.16
"2017-04-04 00:00:00",2352.95
"2017-04-05 00:00:00",2357.49
"2017-04-06 00:00:00",2355.54
"2017-04-09 00:00:00",2357.16
"2017-04-10 00:00:00",2353.78
"2017-04-11 00:00:00",2344.93
"2017-04-12 00:00:00",2328.95
"2017-04-16 00:00:00",2349.01
"2017-04-17 00:00:00",2342.19
"2017-04-18 00:00:00",2338.17
"2017-04-19 00:00:00",2355.84
"2017-04-20 00:00:00",2348.69
"2017-04-23 00:00:00",2374.15
"2017-04-24 00:00:00",2388.61
"2017-04-25 00:00:00",2387.45
"2017-04-26 00:00:00",2388.77
"2017-04-27 00:00:00",2384.2
"2017-04-30 00:00:00",2388.33
"2017-05-01 00:00:00",2391.17
"2017-05-02 00:00:00",2388.13
"2017-05-03 00:00:00",2389.52
"2017-05-04 00:00:00",2399.29
"2017-05-07 00:00:00",2399.38
"2017-05-08 00:00:00",2396.92
"2017-05-09 00:00:00",2399.63
"2017-05-10 00:00:00",2394.44
"2017-05-11 00:00:00",2390.9
"2017-05-14 00:00:00",2402.32
"2017-05-15 00:00:00",2400.67
"2017-05-16 00:00:00",2357.03
"2017-05-17 00:00:00",2365.72
"2017-05-18 00:00:00",2381.73
"2017-05-21 00:00:00",2394.02
"2017-05-22 00:00:00",2398.42
"2017-05-23 00:00:00",2404.39
"2017-05-24 00:00:00",2415.07
"2017-05-25 00:00:00",2415.82
"2017-05-29 00:00:00",2412.91
"2017-05-30 00:00:00",2411.8
"2017-05-31 00:00:00",2430.06
"2017-06-01 00:00:00",2439.07
"2017-06-04 00:00:00",2436.1
"2017-06-05 00:00:00",2429.33
"2017-06-06 00:00:00",2433.14
"2017-06-07 00:00:00",2433.79
"2017-06-08 00:00:00",2431.77
"2017-06-11 00:00:00",2429.39
"2017-06-12 00:00:00",2440.35
"2017-06-13 00:00:00",2437.92
"2017-06-14 00:00:00",2432.46
"2017-06-15 00:00:00",2433.15
"2017-06-18 00:00:00",2453.46
"2017-06-19 00:00:00",2437.03
"2017-06-20 00:00:00",2435.61
"2017-06-21 00:00:00",2434.5
"2017-06-22 00:00:00",2438.3
"2017-06-25 00:00:00",2439.07
"2017-06-26 00:00:00",2419.38
"2017-06-27 00:00:00",2440.69
"2017-06-28 00:00:00",2419.7
"2017-06-29 00:00:00",2423.41
"2017-06-30 00:00:00",,19617.288
"2017-07-02 00:00:00",2429.01
"2017-07-04 00:00:00",2432.54
"2017-07-05 00:00:00",2409.75
"2017-07-06 00:00:00",2425.18
"2017-07-09 00:00:00",2427.43
"2017-07-10 00:00:00",2425.53
"2017-07-11 00:00:00",2443.25
"2017-07-12 00:00:00",2447.83
"2017-07-13 00:00:00",2459.27
"2017-07-16 00:00:00",2459.14
"2017-07-17 00:00:00",2460.61
"2017-07-18 00:00:00",2473.83
"2017-07-19 00:00:00",2473.45
"2017-07-20 00:00:00",2472.54
"2017-07-23 00:00:00",2469.91
"2017-07-24 00:00:00",2477.13
"2017-07-25 00:00:00",2477.83
"2017-07-26 00:00:00",2475.42
"2017-07-27 00:00:00",2472.1
"2017-07-30 00:00:00",2470.3
"2017-07-31 00:00:00",2476.35
"2017-08-01 00:00:00",2477.57
"2017-08-02 00:00:00",2472.16
"2017-08-03 00:00:00",2476.83
"2017-08-06 00:00:00",2480.91
"2017-08-07 00:00:00",2474.92
"2017-08-08 00:00:00",2474.02
"2017-08-09 00:00:00",2438.21
"2017-08-10 00:00:00",2441.32
"2017-08-13 00:00:00",2465.84
"2017-08-14 00:00:00",2464.61
"2017-08-15 00:00:00",2468.11
"2017-08-16 00:00:00",2430.01
"2017-08-17 00:00:00",2425.55
"2017-08-20 00:00:00",2428.37
"2017-08-21 00:00:00",2452.51
"2017-08-22 00:00:00",2444.04
"2017-08-23 00:00:00",2438.97
"2017-08-24 00:00:00",2443.05
"2017-08-27 00:00:00",2444.24
"2017-08-28 00:00:00",2446.3
"2017-08-29 00:00:00",2457.59
"2017-08-30 00:00:00",2471.65
"2017-08-31 00:00:00",2476.55
"2017-09-04 00:00:00",2457.85
"2017-09-05 00:00:00",2465.54
"2017-09-06 00:00:00",2465.1
"2017-09-07 00:00:00",2461.43
"2017-09-10 00:00:00",2488.11
"2017-09-11 00:00:00",2496.48
"2017-09-12 00:00:00",2498.37
"2017-09-13 00:00:00",2495.62
"2017-09-14 00:00:00",2500.23
"2017-09-17 00:00:00",2503.87
"2017-09-18 00:00:00",2506.65
"2017-09-19 00:00:00",2508.24
"2017-09-20 00:00:00",2500.6
"2017-09-21 00:00:00",2502.22
"2017-09-24 00:00:00",2496.66
"2017-09-25 00:00:00",2496.84
"2017-09-26 00:00:00",2507.04
"2017-09-27 00:00:00",2510.06
"2017-09-28 00:00:00",2519.36
"2017-09-30 00:00:00",,19937.963
"2017-10-01 00:00:00",2529.12
"2017-10-02 00:00:00",2534.58
"2017-10-03 00:00:00",2537.74
"2017-10-04 00:00:00",2552.07
"2017-10-05 00:00:00",2549.33
"2017-10-08 00:00:00",2544.73
"2017-10-09 00:00:00",2550.64
"2017-10-10 00:00:00",2555.24
"2017-10-11 00:00:00",2550.93
"2017-10-12 00:00:00",2553.17
"2017-10-15 00:00:00",2557.64
"2017-10-16 00:00:00",2559.36
"2017-10-17 00:00:00",2561.26
"2017-10-18 00:00:00",2562.1
"2017-10-19 00:00:00",2575.21
"2017-10-22 00:00:00",2564.98
"2017-10-23 00:00:00",2569.13
"2017-10-24 00:00:00",2557.15
"2017-10-25 00:00:00",2560.4
"2017-10-26 00:00:00",2581.07
"2017-10-29 00:00:00",2572.83
"2017-10-30 00:00:00",2575.26
"2017-10-31 00:00:00",2579.36
"2017-11-01 00:00:00",2579.85
"2017-11-02 00:00:00",2587.84
"2017-11-05 00:00:00",2591.13
"2017-11-06 00:00:00",2590.64
"2017-11-07 00:00:00",2594.38
"2017-11-08 00:00:00",2584.62
"2017-11-09 00:00:00",2582.3
"2017-11-12 00:00:00",2584.84
"2017-11-13 00:00:00",2578.87
"2017-11-14 00:00:00",2564.62
"2017-11-15 00:00:00",2585.64
"2017-11-16 00:00:00",2578.85
"2017-11-19 00:00:00",2582.14
"2017-11-20 00:00:00",2599.03
"2017-11-21 00:00:00",2597.08
"2017-11-23 00:00:00",2602.42
"2017-11-26 00:00:00",2601.42
"2017-11-27 00:00:00",2627.04
"2017-11-28 00:00:00",2626.07
"2017-11-29 00:00:00",2647.58
"2017-11-30 00:00:00",2642.22
"2017-12-03 00:00:00",2639.44
"2017-12-04 00:00:00",2629.57
"2017-12-05 00:00:00",2629.27
"2017-12-06 00:00:00",2636.98
"2017-12-07 00:00:00",2651.5
"2017-12-10 00:00:00",2659.99
"2017-12-11 00:00:00",2664.11
"2017-12-12 00:00:00",2662.85
"2017-12-13 00:00:00",2652.01
"2017-12-14 00:00:00",2675.81
"2017-12-17 00:00:00",2690.16
"2017-12-18 00:00:00",2681.47
"2017-12-19 00:00:00",2679.25
"2017-12-20 00:00:00",2684.57
"2017-12-21 00:00:00",2683.34
"2017-12-25 00:00:00",2680.5
"2017-12-26 00:00:00",2682.62
"2017-12-27 00:00:00",2687.54
"2017-12-28 00:00:00",2673.61
"2017-12-31 00:00:00",,20242.215
"2018-01-01 00:00:00",2695.81
"2018-01-02 00:00:00",2713.06
"2018-01-03 00:00:00",2723.99
"2018-01-04 00:00:00",2743.15
"2018-01-07 00:00:00",2747.71
"2018-01-08 00:00:00",2751.29
"2018-01-09 00:00:00",2748.23
"2018-01-10 00:00:00",2767.56
"2018-01-11 00:00:00",2786.24
"2018-01-15 00:00:00",2776.42
"2018-01-16 00:00:00",2802.56
"2018-01-17 00:00:00",2798.03
"2018-01-18 00:00:00",2810.3
"2018-01-21 00:00:00",2832.97
"2018-01-22 00:00:00",2839.13
"2018-01-23 00:00:00",2837.54
"2018-01-24 00:00:00",2839.25
"2018-01-25 00:00:00",2872.87
"2018-01-28 00:00:00",2853.53
"2018-01-29 00:00:00",2822.43
"2018-01-30 00:00:00",2823.81
"2018-01-31 00:00:00",2821.98
"2018-02-01 00:00:00",2762.13
"2018-02-04 00:00:00",2648.94
"2018-02-05 00:00:00",2695.14
"2018-02-06 00:00:00",2681.66
"2018-02-07 00:00:00",2581
"2018-02-08 00:00:00",2619.55
"2018-02-11 00:00:00",2656
"2018-02-12 00:00:00",2662.94
"2018-02-13 00:00:00",2698.63
"2018-02-14 00:00:00",2731.2
"2018-02-15 00:00:00",2732.22
"2018-02-19 00:00:00",2716.26
"2018-02-20 00:00:00",2701.33
"2018-02-21 00:00:00",2703.96
"2018-02-22 00:00:00",2747.3
"2018-02-25 00:00:00",2779.6
"2018-02-26 00:00:00",2744.28
"2018-02-27 00:00:00",2713.83
"2018-02-28 00:00:00",2677.67
"2018-03-01 00:00:00",2691.25
"2018-03-04 00:00:00",2720.94
"2018-03-05 00:00:00",2728.12
"2018-03-06 00:00:00",2726.8
"2018-03-07 00:00:00",2738.97
"2018-03-08 00:00:00",2786.57
"2018-03-11 00:00:00",2783.02
"2018-03-12 00:00:00",2765.31
"2018-03-13 00:00:00",2749.48
"2018-03-14 00:00:00",2747.33
"2018-03-15 00:00:00",2752.01
"2018-03-18 00:00:00",2712.92
"2018-03-19 00:00:00",2716.94
"2018-03-20 00:00:00",2711.93
"2018-03-21 00:00:00",2643.69
"2018-03-22 00:00:00",2588.26
"2018-03-25 00:00:00",2658.55
"2018-03-26 00:00:00",2612.62
"2018-03-27 00:00:00",2605
"2018-03-28 00:00:00",2640.87
"2018-03-31 00:00:00",,20552.653
"2018-04-01 00:00:00",2581.88
"2018-04-02 00:00:00",2614.45
"2018-04-03 00:00:00",2644.69
"2018-04-04 00:00:00",2662.84
"2018-04-05 00:00:00",2604.47
"2018-04-08 00:00:00",2613.16
"2018-04-09 00:00:00",2656.87
"2018-04-10 00:00:00",2642.19
"2018-04-11 00:00:00",2663.99
"2018-04-12 00:00:00",2656.3
"2018-04-15 00:00:00",2677.84
"2018-04-16 00:00:00",2706.39
"2018-04-17 00:00:00",2708.64
"2018-04-18 00:00:00",2693.13
"2018-04-19 00:00:00",2670.14
"2018-04-22 00:00:00",2670.29
"2018-04-23 00:00:00",2634.56
"2018-04-24 00:00:00",2639.4
"2018-04-25 00:00:00",2666.94
"2018-04-26 00:00:00",2669.91
"2018-04-29 00:00:00",2648.05
"2018-04-30 00:00:00",2654.8
"2018-05-01 00:00:00",2635.67
"2018-05-02 00:00:00",2629.73
"2018-05-03 00:00:00",2663.42
"2018-05-06 00:00:00",2672.63
"2018-05-07 00:00:00",2671.92
"2018-05-08 00:00:00",2697.79
"2018-05-09 00:00:00",2723.07
"2018-05-10 00:00:00",2727.72
"2018-05-13 00:00:00",2730.13
"2018-05-14 00:00:00",2711.45
"2018-05-15 00:00:00",2722.46
"2018-05-16 00:00:00",2720.13
"2018-05-17 00:00:00",2712.97
"2018-05-20 00:00:00",2733.01
"2018-05-21 00:00:00",2724.44
"2018-05-22 00:00:00",2733.29
"2018-05-23 00:00:00",2727.76
"2018-05-24 00:00:00",2721.33
"2018-05-28 00:00:00",2689.86
"2018-05-29 00:00:00",2724.01
"2018-05-30 00:00:00",2705.27
"2018-05-31 00:00:00",2734.62
"2018-06-03 00:00:00",2746.87
"2018-06-04 00:00:00",2748.8
"2018-06-05 00:00:00",2772.35
"2018-06-06 00:00:00",2770.37
"2018-06-07 00:00:00",2779.03
"2018-06-10 00:00:00",2782
"2018-06-11 00:00:00",2786.85
"2018-06-12 00:00:00",2775.63
"2018-06-13 00:00:00",2782.49
"2018-06-14 00:00:00",2779.66
"2018-06-17 00:00:00",2773.75
"2018-06-18 00:00:00",2762.59
"2018-06-19 00:00:00",2767.32
"2018-06-20 00:00:00",2749.76
"2018-06-21 00:00:00",2754.88
"2018-06-24 00:00:00",2717.07
"2018-06-25 00:00:00",2723.06
"2018-06-26 00:00:00",2699.63
"2018-06-27 00:00:00",2716.31
"2018-06-28 00:00:00",2718.37
"2018-06-30 00:00:00",,20742.723
"2018-07-01 00:00:00",2726.71
"2018-07-02 00:00:00",2713.22
"2018-07-04 00:00:00",2736.61
"2018-07-05 00:00:00",2759.82
"2018-07-08 00:00:00",2784.17
"2018-07-09 00:00:00",2793.84
"2018-07-10 00:00:00",2774.02
"2018-07-11 00:00:00",2798.29
"2018-07-12 00:00:00",2801.31
"2018-07-15 00:00:00",2798.43
"2018-07-16 00:00:00",2809.55
"2018-07-17 00:00:00",2815.62
"2018-07-18 00:00:00",2804.49
"2018-07-19 00:00:00",2801.83
"2018-07-22 00:00:00",2806.98
"2018-07-23 00:00:00",2820.4
"2018-07-24 00:00:00",2846.07
"2018-07-25 00:00:00",2837.44
"2018-07-26 00:00:00",2818.82
"2018-07-29 00:00:00",2802.6
"2018-07-30 00:00:00",2816.29
"2018-07-31 00:00:00",2813.36
"2018-08-01 00:00:00",2827.22
"2018-08-02 00:00:00",2840.35
"2018-08-05 00:00:00",2850.4
"2018-08-06 00:00:00",2858.45
"2018-08-07 00:00:00",2857.7
"2018-08-08 00:00:00",2853.58
"2018-08-09 00:00:00",2833.28
"2018-08-12 00:00:00",2821.93
"2018-08-13 00:00:00",2839.96
"2018-08-14 00:00:00",2818.37
"2018-08-15 00:00:00",2840.69
"2018-08-16 00:00:00",2850.13
"2018-08-19 00:00:00",2857.05
"2018-08-20 00:00:00",2862.96
"2018-08-21 00:00:00",2861.82
"2018-08-22 00:00:00",2856.98
"2018-08-23 00:00:00",2874.69
"2018-08-26 00:00:00",2896.74
"2018-08-27 00:00:00",2897.52
"2018-08-28 00:00:00",2914.04
"2018-08-29 00:00:00",2901.13
"2018-08-30 00:00:00",2901.52
"2018-09-03 00:00:00",2896.72
"2018-09-04 00:00:00",2888.6
"2018-09-05 00:00:00",2878.05
"2018-09-06 00:00:00",2871.68
"2018-09-09 00:00:00",2877.13
"2018-09-10 00:00:00",2887.89
"2018-09-11 00:00:00",2888.92
"2018-09-12 00:00:00",2904.18
"2018-09-13 00:00:00",2904.98
"2018-09-16 00:00:00",2888.8
"2018-09-17 00:00:00",2904.31
"2018-09-18 00:00:00",2907.95
"2018-09-19 00:00:00",2930.75
"2018-09-20 00:00:00",2929.67
"2018-09-23 00:00:00",2919.37
"2018-09-24 00:00:00",2915.56
"2018-09-25 00:00:00",2905.97
"2018-09-26 00:00:00",2914
"2018-09-27 00:00:00",2913.98
"2018-09-30 00:00:00",2924.59,20909.853
"2018-10-01 00:00:00",2923.43
"2018-10-02 00:00:00",2925.51
"2018-10-03 00:00:00",2901.61
"2018-10-04 00:00:00",2885.57
"2018-10-07 00:00:00",2884.43
"2018-10-08 00:00:00",2880.34
"2018-10-09 00:00:00",2785.68
"2018-10-10 00:00:00",2728.37
"2018-10-11 00:00:00",2767.13
"2018-10-14 00:00:00",2750.79
"2018-10-15 00:00:00",2809.92
"2018-10-16 00:00:00",2809.21
"2018-10-17 00:00:00",2768.78
"2018-10-18 00:00:00",2767.78
"2018-10-21 00:00:00",2755.88
"2018-10-22 00:00:00",2740.69
"2018-10-23 00:00:00",2656.1
"2018-10-24 00:00:00",2705.57
"2018-10-25 00:00:00",2658.69
"2018-10-28 00:00:00",2641.25
"2018-10-29 00:00:00",2682.63
"2018-10-30 00:00:00",2711.74
"2018-10-31 00:00:00",2740.37
"2018-11-01 00:00:00",2723.06
"2018-11-04 00:00:00",2738.31
"2018-11-05 00:00:00",2755.45
"2018-11-06 00:00:00",2813.89
"2018-11-07 00:00:00",2806.83
"2018-11-08 00:00:00",2781.01
"2018-11-11 00:00:00",2726.22
"2018-11-12 00:00:00",2722.18
"2018-11-13 00:00:00",2701.58
"2018-11-14 00:00:00",2730.2
"2018-11-15 00:00:00",2736.27
"2018-11-18 00:00:00",2690.73
"2018-11-19 00:00:00",2641.89
"2018-11-20 00:00:00",2649.93
"2018-11-22 00:00:00",2632.56
"2018-11-25 00:00:00",2673.45
"2018-11-26 00:00:00",2682.17
"2018-11-27 00:00:00",2743.79
"2018-11-28 00:00:00",2737.76
"2018-11-29 00:00:00",2760.17
"2018-12-02 00:00:00",2790.37
"2018-12-03 00:00:00",2700.06
"2018-12-05 00:00:00",2695.95
"2018-12-06 00:00:00",2633.08
"2018-12-09 00:00:00",2637.72
"2018-12-10 00:00:00",2636.78
"2018-12-11 00:00:00",2651.07
"2018-12-12 00:00:00",2650.54
"2018-12-13 00:00:00",2599.95
"2018-12-16 00:00:00",2545.94
"2018-12-17 00:00:00",2546.16
"2018-12-18 00:00:00",2506.96
"2018-12-19 00:00:00",2467.42
"2018-12-20 00:00:00",2416.62
"2018-12-23 00:00:00",2351.1
"2018-12-25 00:00:00",2467.7
"2018-12-26 00:00:00",2488.83
"2018-12-27 00:00:00",2485.74
"2018-12-30 00:00:00",2506.85
"2018-12-31 00:00:00",,21115.309
"2019-01-01 00:00:00",2510.03
"2019-01-02 00:00:00",2447.89
"2019-01-03 00:00:00",2531.94
"2019-01-06 00:00:00",2549.69
"2019-01-07 00:00:00",2574.41
"2019-01-08 00:00:00",2584.96
"2019-01-09 00:00:00",2596.64
"2019-01-10 00:00:00",2596.26
"2019-01-13 00:00:00",2582.61
"2019-01-14 00:00:00",2610.3
"2019-01-15 00:00:00",2616.1
"2019-01-16 00:00:00",2635.96
"2019-01-17 00:00:00",2670.71
"2019-01-21 00:00:00",2632.9
"2019-01-22 00:00:00",2638.7
"2019-01-23 00:00:00",2642.33
"2019-01-24 00:00:00",2664.76
"2019-01-27 00:00:00",2643.85
"2019-01-28 00:00:00",2640
"2019-01-29 00:00:00",2681.05
"2019-01-30 00:00:00",2704.1
"2019-01-31 00:00:00",2706.53
"2019-02-03 00:00:00",2724.87
"2019-02-04 00:00:00",2737.7
"2019-02-05 00:00:00",2731.61
"2019-02-06 00:00:00",2706.05
"2019-02-07 00:00:00",2707.88
"2019-02-10 00:00:00",2709.8
"2019-02-11 00:00:00",2744.73
"2019-02-12 00:00:00",2753.03
"2019-02-13 00:00:00",2745.73
"2019-02-14 00:00:00",2775.6
"2019-02-18 00:00:00",2779.76
"2019-02-19 00:00:00",2784.7
"2019-02-20 00:00:00",2774.88
"2019-02-21 00:00:00",2792.67
"2019-02-24 00:00:00",2796.11
"2019-02-25 00:00:00",2793.9
"2019-02-26 00:00:00",2792.38
"2019-02-27 00:00:00",2784.49
"2019-02-28 00:00:00",2803.69
"2019-03-03 00:00:00",2792.81
"2019-03-04 00:00:00",2789.65
"2019-03-05 00:00:00",2771.45
"2019-03-06 00:00:00",2748.93
"2019-03-07 00:00:00",2743.07
"2019-03-10 00:00:00",2783.3
"2019-03-11 00:00:00",2791.52
"2019-03-12 00:00:00",2810.92
"2019-03-13 00:00:00",2808.48
"2019-03-14 00:00:00",2822.48
"2019-03-17 00:00:00",2832.94
"2019-03-18 00:00:00",2832.57
"2019-03-19 00:00:00",2824.23
"2019-03-20 00:00:00",2854.88
"2019-03-21 00:00:00",2800.71
"2019-03-24 00:00:00",2798.36
"2019-03-25 00:00:00",2818.46
"2019-03-26 00:00:00",2805.37
"2019-03-27 00:00:00",2815.44
"2019-03-28 00:00:00",2834.4
"2019-03-31 00:00:00",2867.19,21329.877
"2019-04-01 00:00:00",2867.24
"2019-04-02 00:00:00",2873.4
"2019-04-03 00:00:00",2879.39
"2019-04-04 00:00:00",2892.74
"2019-04-07 00:00:00",2895.77
"2019-04-08 00:00:00",2878.2
"2019-04-09 00:00:00",2888.21
"2019-04-10 00:00:00",2888.32
"2019-04-11 00:00:00",2907.41
"2019-04-14 00:00:00",2905.58
"2019-04-15 00:00:00",2907.06
"2019-04-16 00:00:00",2900.45
"2019-04-17 00:00:00",2905.03
"2019-04-21 00:00:00",2907.97
"2019-04-22 00:00:00",2933.68
"2019-04-23 00:00:00",2927.25
"2019-04-24 00:00:00",2926.17
"2019-04-25 00:00:00",2939.88
"2019-04-28 00:00:00",2943.03
"2019-04-29 00:00:00",2945.83
"2019-04-30 00:00:00",2923.73
"2019-05-01 00:00:00",2917.52
"2019-05-02 00:00:00",2945.64
"2019-05-05 00:00:00",2932.47
"2019-05-06 00:00:00",2884.05
"2019-05-07 00:00:00",2879.42
"2019-05-08 00:00:00",2870.72
"2019-05-09 00:00:00",2881.4
"2019-05-12 00:00:00",2811.87
"2019-05-13 00:00:00",2834.41
"2019-05-14 00:00:00",2850.96
"2019-05-15 00:00:00",2876.32
"2019-05-16 00:00:00",2859.53
"2019-05-19 00:00:00",2840.23
"2019-05-20 00:00:00",2864.36
"2019-05-21 00:00:00",2856.27
"2019-05-22 00:00:00",2822.24
"2019-05-23 00:00:00",2826.06
"2019-05-27 00:00:00",2802.39
"2019-05-28 00:00:00",2783.02
"2019-05-29 00:00:00",2788.86
"2019-05-30 00:00:00",2752.06
"2019-06-02 00:00:00",2744.45
"2019-06-03 00:00:00",2803.27
"2019-06-04 00:00:00",2826.15
"2019-06-05 00:00:00",2843.49
"2019-06-06 00:00:00",2873.34
"2019-06-09 00:00:00",2886.73
"2019-06-10 00:00:00",2885.72
"2019-06-11 00:00:00",2879.84
"2019-06-12 00:00:00",2891.64
"2019-06-13 00:00:00",2886.98
"2019-06-16 00:00:00",2889.67
"2019-06-17 00:00:00",2917.75
"2019-06-18 00:00:00",2926.46
"2019-06-19 00:00:00",2954.18
"2019-06-20 00:00:00",2950.46
"2019-06-23 00:00:00",2945.35
"2019-06-24 00:00:00",2917.38
"2019-06-25 00:00:00",2913.78
"2019-06-26 00:00:00",2924.92
"2019-06-27 00:00:00",2941.76
"2019-06-30 00:00:00",2964.33,21540.325
"2019-07-01 00:00:00",2973.01
"2019-07-02 00:00:00",2995.82
"2019-07-04 00:00:00",2990.41
"2019-07-07 00:00:00",2975.95
"2019-07-08 00:00:00",2979.63
"2019-07-09 00:00:00",2993.07
"2019-07-10 00:00:00",2999.91
"2019-07-11 00:00:00",3013.77
"2019-07-14 00:00:00",3014.3
"2019-07-15 00:00:00",3004.04
"2019-07-16 00:00:00",2984.42
"2019-07-17 00:00:00",2995.11
"2019-07-18 00:00:00",2976.61
"2019-07-21 00:00:00",2985.03
"2019-07-22 00:00:00",3005.47
"2019-07-23 00:00:00",3019.56
"2019-07-24 00:00:00",3003.67
"2019-07-25 00:00:00",3025.86
"2019-07-28 00:00:00",3020.97
"2019-07-29 00:00:00",3013.18
"2019-07-30 00:00:00",2980.38
"2019-07-31 00:00:00",2953.56
"2019-08-01 00:00:00",2932.05
"2019-08-04 00:00:00",2844.74
"2019-08-05 00:00:00",2881.77
"2019-08-06 00:00:00",2883.98
"2019-08-07 00:00:00",2938.09
"2019-08-08 00:00:00",2918.65
"2019-08-11 00:00:00",2883.75
"2019-08-12 00:00:00",2926.32
"2019-08-13 00:00:00",2840.6
"2019-08-14 00:00:00",2847.6
"2019-08-15 00:00:00",2888.68
"2019-08-18 00:00:00",2923.65
"2019-08-19 00:00:00",2900.51
"2019-08-20 00:00:00",2924.43
"2019-08-21 00:00:00",2922.95
"2019-08-22 00:00:00",2847.11
"2019-08-25 00:00:00",2878.38
"2019-08-26 00:00:00",2869.16
"2019-08-27 00:00:00",2887.94
"2019-08-28 00:00:00",2924.58
"2019-08-29 00:00:00",2926.46
"2019-09-02 00:00:00",2906.27
"2019-09-03 00:00:00",2937.78
"2019-09-04 00:00:00",2976
"2019-09-05 00:00:00",2978.71
"2019-09-08 00:00:00",2978.43
"2019-09-09 00:00:00",2979.39
"2019-09-10 00:00:00",3000.93
"2019-09-11 00:00:00",3009.57
"2019-09-12 00:00:00",3007.39
"2019-09-15 00:00:00",2997.96
"2019-09-16 00:00:00",3005.7
"2019-09-17 00:00:00",3006.73
"2019-09-18 00:00:00",3006.79
"2019-09-19 00:00:00",2992.07
"2019-09-22 00:00:00",2991.78
"2019-09-23 00:00:00",2966.6
"2019-09-24 00:00:00",2984.87
"2019-09-25 00:00:00",2977.62
"2019-09-26 00:00:00",2961.79
"2019-09-29 00:00:00",2976.74
"2019-09-30 00:00:00",2940.25,21747.394
"2019-10-01 00:00:00",2887.61
"2019-10-02 00:00:00",2910.63
"2019-10-03 00:00:00",2952.01
"2019-10-06 00:00:00",2938.79
"2019-10-07 00:00:00",2893.06
"2019-10-08 00:00:00",2919.4
"2019-10-09 00:00:00",2938.13
"2019-10-10 00:00:00",2970.27
"2019-10-13 00:00:00",2966.15
"2019-10-14 00:00:00",2995.68
"2019-10-15 00:00:00",2989.69
"2019-10-16 00:00:00",2997.95
"2019-10-17 00:00:00",2986.2
"2019-10-20 00:00:00",3006.72
"2019-10-21 00:00:00",2995.99
"2019-10-22 00:00:00",3004.52
"2019-10-23 00:00:00",3010.29
"2019-10-24 00:00:00",3022.55
"2019-10-27 00:00:00",3039.42
"2019-10-28 00:00:00",3036.89
"2019-10-29 00:00:00",3046.77
"2019-10-30 00:00:00",3037.56
"2019-10-31 00:00:00",3066.91
"2019-11-03 00:00:00",3078.27
"2019-11-04 00:00:00",3074.62
"2019-11-05 00:00:00",3076.78
"2019-11-06 00:00:00",3085.18
"2019-11-07 00:00:00",3093.08
"2019-11-10 00:00:00",3087.01
"2019-11-11 00:00:00",3091.84
"2019-11-12 00:00:00",3094.04
"2019-11-13 00:00:00",3096.63
"2019-11-14 00:00:00",3120.46
"2019-11-17 00:00:00",3122.03
"2019-11-18 00:00:00",3120.18
"2019-11-19 00:00:00",3108.46
"2019-11-20 00:00:00",3103.54
"2019-11-21 00:00:00",3110.29
"2019-11-24 00:00:00",3133.64
"2019-11-25 00:00:00",3140.52
"2019-11-26 00:00:00",3153.63
"2019-11-28 00:00:00",3140.98
"2019-12-01 00:00:00",3113.87
"2019-12-02 00:00:00",3093.2
"2019-12-03 00:00:00",3112.76
"2019-12-04 00:00:00",3117.43
"2019-12-05 00:00:00",3145.91
"2019-12-08 00:00:00",3135.96
"2019-12-09 00:00:00",3132.52
"2019-12-10 00:00:00",3141.63
"2019-12-11 00:00:00",3168.57
"2019-12-12 00:00:00",3168.8
"2019-12-15 00:00:00",3191.45
"2019-12-16 00:00:00",3192.52
"2019-12-17 00:00:00",3191.14
"2019-12-18 00:00:00",3205.37
"2019-12-19 00:00:00",3221.22
"2019-12-22 00:00:00",3224.01
"2019-12-23 00:00:00",3223.38
"2019-12-25 00:00:00",3239.91
"2019-12-26 00:00:00",3240.02
"2019-12-29 00:00:00",3221.29
"2019-12-30 00:00:00",3230.78
"2019-12-31 00:00:00",,21561.139
"2020-01-01 00:00:00",3257.85
"2020-01-02 00:00:00",3234.85
"2020-01-05 00:00:00",3246.28
"2020-01-06 00:00:00",3237.18
"2020-01-07 00:00:00",3253.05
"2020-01-08 00:00:00",3274.7
"2020-01-09 00:00:00",3265.35
"2020-01-12 00:00:00",3288.13
"2020-01-13 00:00:00",3283.15
"2020-01-14 00:00:00",3289.29
"2020-01-15 00:00:00",3316.81
"2020-01-16 00:00:00",3329.62
"2020-01-20 00:00:00",3320.79
"2020-01-21 00:00:00",3321.75
"2020-01-22 00:00:00",3325.54
"2020-01-23 00:00:00",3295.47
"2020-01-26 00:00:00",3243.63
"2020-01-27 00:00:00",3276.24
"2020-01-28 00:00:00",3273.4
"2020-01-29 00:00:00",3283.66
"2020-01-30 00:00:00",3225.52
"2020-02-02 00:00:00",3248.92
"2020-02-03 00:00:00",3297.59
"2020-02-04 00:00:00",3334.69
"2020-02-05 00:00:00",3345.78
"2020-02-06 00:00:00",3327.71
"2020-02-09 00:00:00",3352.09
"2020-02-10 00:00:00",3357.75
"2020-02-11 00:00:00",3379.45
"2020-02-12 00:00:00",3373.94
"2020-02-13 00:00:00",3380.16
"2020-02-17 00:00:00",3370.29
"2020-02-18 00:00:00",3386.15
"2020-02-19 00:00:00",3373.23
"2020-02-20 00:00:00",3337.75
"2020-02-23 00:00:00",3225.89
"2020-02-24 00:00:00",3128.21
"2020-02-25 00:00:00",3116.39
"2020-02-26 00:00:00",2978.76
"2020-02-27 00:00:00",2954.22
"2020-03-01 00:00:00",3090.23
"2020-03-02 00:00:00",3003.37
"2020-03-03 00:00:00",3130.12
"2020-03-04 00:00:00",3023.94
"2020-03-05 00:00:00",2972.37
"2020-03-08 00:00:00",2746.56
"2020-03-09 00:00:00",2882.23
"2020-03-10 00:00:00",2741.38
"2020-03-11 00:00:00",2480.64
"2020-03-12 00:00:00",2711.02
"2020-03-15 00:00:00",2386.13
"2020-03-16 00:00:00",2529.19
"2020-03-17 00:00:00",2398.1
"2020-03-18 00:00:00",2409.39
"2020-03-19 00:00:00",2304.92
"2020-03-22 00:00:00",2237.4
"2020-03-23 00:00:00",2447.33
"2020-03-24 00:00:00",2475.56
"2020-03-25 00:00:00",2630.07
"2020-03-26 00:00:00",2541.47
"2020-03-29 00:00:00",2626.65
"2020-03-30 00:00:00",2584.59
"2020-03-31 00:00:00",2470.5,19520.114
"2020-04-01 00:00:00",2526.9
"2020-04-02 00:00:00",2488.65
"2020-04-05 00:00:00",2663.68
"2020-04-06 00:00:00",2659.41
"2020-04-07 00:00:00",2749.98
"2020-04-08 00:00:00",2789.82
"2020-04-12 00:00:00",2761.63
"2020-04-13 00:00:00",2846.06
"2020-04-14 00:00:00",2783.36
"2020-04-15 00:00:00",2799.55
"2020-04-16 00:00:00",2874.56
"2020-04-19 00:00:00",2823.16
"2020-04-20 00:00:00",2736.56
"2020-04-21 00:00:00",2799.31
"2020-04-22 00:00:00",2797.8
"2020-04-23 00:00:00",2836.74
"2020-04-26 00:00:00",2878.48
"2020-04-27 00:00:00",2863.39
"2020-04-28 00:00:00",2939.51
"2020-04-29 00:00:00",2912.43
"2020-04-30 00:00:00",2830.71
"2020-05-03 00:00:00",2842.74
"2020-05-04 00:00:00",2868.44
"2020-05-05 00:00:00",2848.42
"2020-05-06 00:00:00",2881.19
"2020-05-07 00:00:00",2929.8
"2020-05-10 00:00:00",2930.32
"2020-05-11 00:00:00",2870.12
"2020-05-12 00:00:00",2820
"2020-05-13 00:00:00",2852.5
"2020-05-14 00:00:00",2863.7
"2020-05-17 00:00:00",2953.91
"2020-05-18 00:00:00",2922.94
"2020-05-19 00:00:00",2971.61
"2020-05-20 00:00:00",2948.51
"2020-05-21 00:00:00",2955.45
"2020-05-25 00:00:00",2991.77
"2020-05-26 00:00:00",3036.13
"2020-05-27 00:00:00",3029.73
"2020-05-28 00:00:00",3044.31
"2020-05-31 00:00:00",3055.73
"2020-06-01 00:00:00",3080.82
"2020-06-02 00:00:00",3122.87
"2020-06-03 00:00:00",3112.35
"2020-06-04 00:00:00",3193.93
"2020-06-07 00:00:00",3232.39
"2020-06-08 00:00:00",3207.18
"2020-06-09 00:00:00",3190.14
"2020-06-10 00:00:00",3002.1
"2020-06-11 00:00:00",3041.31
"2020-06-14 00:00:00",3066.59
"2020-06-15 00:00:00",3124.74
"2020-06-16 00:00:00",3113.49
"2020-06-17 00:00:00",3115.34
"2020-06-18 00:00:00",3097.74
"2020-06-21 00:00:00",3117.86
"2020-06-22 00:00:00",3131.29
"2020-06-23 00:00:00",3050.33
"2020-06-24 00:00:00",3083.76
"2020-06-25 00:00:00",3009.05
"2020-06-28 00:00:00",3053.24
"2020-06-29 00:00:00",3100.29
"2020-06-30 00:00:00",3115.86,21170.252
"2020-07-01 00:00:00",3130.01
"2020-07-05 00:00:00",3179.72
"2020-07-06 00:00:00",3145.32
"2020-07-07 00:00:00",3169.94
"2020-07-08 00:00:00",3152.05
"2020-07-09 00:00:00",3185.04
"2020-07-12 00:00:00",3155.22
"2020-07-13 00:00:00",3197.52
"2020-07-14 00:00:00",3226.56
"2020-07-15 00:00:00",3215.57
"2020-07-16 00:00:00",3224.73
"2020-07-19 00:00:00",3251.84
"2020-07-20 00:00:00",3257.3
"2020-07-21 00:00:00",3276.02
"2020-07-22 00:00:00",3235.66
"2020-07-23 00:00:00",3215.63
"2020-07-26 00:00:00",3239.41
"2020-07-27 00:00:00",3218.44
"2020-07-28 00:00:00",3258.44
"2020-07-29 00:00:00",3246.22
"2020-07-30 00:00:00",3271.12
"2020-08-02 00:00:00",3294.61
"2020-08-03 00:00:00",3306.51
"2020-08-04 00:00:00",3327.77
"2020-08-05 00:00:00",3349.16
"2020-08-06 00:00:00",3351.28
"2020-08-09 00:00:00",3360.47
"2020-08-10 00:00:00",3333.69
"2020-08-11 00:00:00",3380.35
"2020-08-12 00:00:00",3373.43
"2020-08-13 00:00:00",3372.85
"2020-08-16 00:00:00",3381.99
"2020-08-17 00:00:00",3389.78
"2020-08-18 00:00:00",3374.85
"2020-08-19 00:00:00",3385.51
"2020-08-20 00:00:00",3397.16
"2020-08-23 00:00:00",3431.28
"2020-08-24 00:00:00",3443.62
"2020-08-25 00:00:00",3478.73
"2020-08-26 00:00:00",3484.55
"2020-08-27 00:00:00",3508.01
"2020-08-30 00:00:00",3500.31
"2020-08-31 00:00:00",3526.65
"2020-09-01 00:00:00",3580.84
"2020-09-02 00:00:00",3455.06
"2020-09-03 00:00:00",3426.96
"2020-09-07 00:00:00",3331.84
"2020-09-08 00:00:00",3398.96
"2020-09-09 00:00:00",3339.19
"2020-09-10 00:00:00",3340.97
"2020-09-13 00:00:00",3383.54
"2020-09-14 00:00:00",3401.2
"2020-09-15 00:00:00",3385.49
"2020-09-16 00:00:00",3357.01
"2020-09-17 00:00:00",3319.47
"2020-09-20 00:00:00",3281.06
"2020-09-21 00:00:00",3315.57
"2020-09-22 00:00:00",3236.92
"2020-09-23 00:00:00",3246.59
"2020-09-24 00:00:00",3298.46
"2020-09-27 00:00:00",3351.6
"2020-09-28 00:00:00",3335.47
"2020-09-29 00:00:00",3363
"2020-09-30 00:00:00",3380.8,21494.731
"2020-10-01 00:00:00",3348.44
"2020-10-04 00:00:00",3408.63
"2020-10-05 00:00:00",3360.95
"2020-10-06 00:00:00",3419.45
"2020-10-07 00:00:00",3446.83
"2020-10-08 00:00:00",3477.13
"2020-10-11 00:00:00",3534.22
"2020-10-12 00:00:00",3511.93
"2020-10-13 00:00:00",3488.67
"2020-10-14 00:00:00",3483.34
"2020-10-15 00:00:00",3483.81
"2020-10-18 00:00:00",3426.92
"2020-10-19 00:00:00",3443.12
"2020-10-20 00:00:00",3435.56
"2020-10-21 00:00:00",3453.49
"2020-10-22 00:00:00",3465.39
"2020-10-25 00:00:00",3400.97
"2020-10-26 00:00:00",3390.68
"2020-10-27 00:00:00",3271.03
"2020-10-28 00:00:00",3310.11
"2020-10-29 00:00:00",3269.96
"2020-11-01 00:00:00",3310.24
"2020-11-02 00:00:00",3369.16
"2020-11-03 00:00:00",3443.44
"2020-11-04 00:00:00",3510.45
"2020-11-05 00:00:00",3509.44
"2020-11-08 00:00:00",3550.5
"2020-11-09 00:00:00",3545.53
"2020-11-10 00:00:00",3572.66
"2020-11-11 00:00:00",3537.01
"2020-11-12 00:00:00",3585.15
"2020-11-15 00:00:00",3626.91
"2020-11-16 00:00:00",3609.53
"2020-11-17 00:00:00",3567.79
"2020-11-18 00:00:00",3581.87
"2020-11-19 00:00:00",3557.54
"2020-11-22 00:00:00",3577.59
"2020-11-23 00:00:00",3635.41
"2020-11-24 00:00:00",3629.65
"2020-11-26 00:00:00",3638.35
"2020-11-29 00:00:00",3621.63
"2020-11-30 00:00:00",3662.45
"2020-12-01 00:00:00",3669.01
"2020-12-02 00:00:00",3666.72
"2020-12-03 00:00:00",3699.12
"2020-12-06 00:00:00",3691.96
"2020-12-07 00:00:00",3702.25
"2020-12-08 00:00:00",3672.82
"2020-12-09 00:00:00",3668.1
"2020-12-10 00:00:00",3663.46
"2020-12-13 00:00:00",3647.49
"2020-12-14 00:00:00",3694.62
"2020-12-15 00:00:00",3701.17
"2020-12-16 00:00:00",3722.48
"2020-12-17 00:00:00",3709.41
"2020-12-20 00:00:00",3694.92
"2020-12-21 00:00:00",3687.26
"2020-12-22 00:00:00",3690.01
"2020-12-23 00:00:00",3703.06
"2020-12-27 00:00:00",3735.36
"2020-12-28 00:00:00",3727.04
"2020-12-29 00:00:00",3732.04
"2020-12-30 00:00:00",3756.07
"2020-12-31 00:00:00",,22061.503
"2021-01-03 00:00:00",3700.65
"2021-01-04 00:00:00",3726.86
"2021-01-05 00:00:00",3748.14
"2021-01-06 00:00:00",3803.79
"2021-01-07 00:00:00",3824.68
"2021-01-10 00:00:00",3799.61
"2021-01-11 00:00:00",3801.19
"2021-01-12 00:00:00",3809.84
"2021-01-13 00:00:00",3795.54
"2021-01-14 00:00:00",3768.25
"2021-01-18 00:00:00",3798.91
"2021-01-19 00:00:00",3851.85
"2021-01-20 00:00:00",3853.07
"2021-01-21 00:00:00",3841.47
"2021-01-24 00:00:00",3855.36
"2021-01-25 00:00:00",3849.62
"2021-01-26 00:00:00",3750.77
"2021-01-27 00:00:00",3787.38
"2021-01-28 00:00:00",3714.24
"2021-01-31 00:00:00",3773.86
"2021-02-01 00:00:00",3826.31
"2021-02-02 00:00:00",3830.17
"2021-02-03 00:00:00",3871.74
"2021-02-04 00:00:00",3886.83
"2021-02-07 00:00:00",3915.59
"2021-02-08 00:00:00",3911.23
"2021-02-09 00:00:00",3909.88
"2021-02-10 00:00:00",3916.38
"2021-02-11 00:00:00",3934.83
"2021-02-15 00:00:00",3932.59
"2021-02-16 00:00:00",3931.33
"2021-02-17 00:00:00",3913.97
"2021-02-18 00:00:00",3906.71
"2021-02-21 00:00:00",3876.5
"2021-02-22 00:00:00",3881.37
"2021-02-23 00:00:00",3925.43
"2021-02-24 00:00:00",3829.34
"2021-02-25 00:00:00",3811.15
"2021-02-28 00:00:00",3901.82
"2021-03-01 00:00:00",3870.29
"2021-03-02 00:00:00",3819.72
"2021-03-03 00:00:00",3768.47
"2021-03-04 00:00:00",3841.94
"2021-03-07 00:00:00",3821.35
"2021-03-08 00:00:00",3875.44
"2021-03-09 00:00:00",3898.81
"2021-03-10 00:00:00",3939.34
"2021-03-11 00:00:00",3943.34
"2021-03-14 00:00:00",3968.94
"2021-03-15 00:00:00",3962.71
"2021-03-16 00:00:00",3974.12
"2021-03-17 00:00:00",3915.46
"2021-03-18 00:00:00",3913.1
"2021-03-21 00:00:00",3940.59
"2021-03-22 00:00:00",3910.52
"2021-03-23 00:00:00",3889.14
"2021-03-24 00:00:00",3909.52
"2021-03-25 00:00:00",3974.54
"2021-03-28 00:00:00",3971.09
"2021-03-29 00:00:00",3958.55
"2021-03-30 00:00:00",3972.89
"2021-03-31 00:00:00",4019.87
"2021-04-04 00:00:00",4077.91
"2021-04-05 00:00:00",4073.94
"2021-04-06 00:00:00",4079.95
"2021-04-07 00:00:00",4097.17
"2021-04-08 00:00:00",4128.8
"2021-04-11 00:00:00",4127.99
"2021-04-12 00:00:00",4141.59
"2021-04-13 00:00:00",4124.66
"2021-04-14 00:00:00",4170.42
"2021-04-15 00:00:00",4185.47
"2021-04-18 00:00:00",4163.26
"2021-04-19 00:00:00",4134.94
"2021-04-20 00:00:00",4173.42
"2021-04-21 00:00:00",4134.98
"2021-04-22 00:00:00",4180.17
"2021-04-25 00:00:00",4187.62
"2021-04-26 00:00:00",4186.72
"2021-04-27 00:00:00",4183.18
"2021-04-28 00:00:00",4211.47
"2021-04-29 00:00:00",4181.17
"2021-05-02 00:00:00",4192.66
"2021-05-03 00:00:00",4164.66
"2021-05-04 00:00:00",4167.59
"2021-05-05 00:00:00",4201.62
"2021-05-06 00:00:00",4232.6
"2021-05-09 00:00:00",4188.43
"2021-05-10 00:00:00",4152.1
"2021-05-11 00:00:00",4063.04
"2021-05-12 00:00:00",4112.5
"2021-05-13 00:00:00",4173.85
"2021-05-16 00:00:00",4163.29
"2021-05-17 00:00:00",4127.83
"2021-05-18 00:00:00",4115.68
"2021-05-19 00:00:00",4159.12
"2021-05-20 00:00:00",4155.86
"2021-05-23 00:00:00",4197.05
"2021-05-24 00:00:00",4188.13
"2021-05-25 00:00:00",4195.99
"2021-05-26 00:00:00",4200.88
"2021-05-27 00:00:00",4204.11
"2021-05-31 00:00:00",4202.04
"2021-06-01 00:00:00",4208.12
"2021-06-02 00:00:00",4192.85
"2021-06-03 00:00:00",4229.89
"2021-06-06 00:00:00",4226.52
"2021-06-07 00:00:00",4227.26
"2021-06-08 00:00:00",4219.55
"2021-06-09 00:00:00",4239.18
"2021-06-10 00:00:00",4247.44
"2021-06-13 00:00:00",4255.15
"2021-06-14 00:00:00",4246.59
"2021-06-15 00:00:00",4223.7
"2021-06-16 00:00:00",4221.86
"2021-06-17 00:00:00",4166.45
"2021-06-20 00:00:00",4224.79
"2021-06-21 00:00:00",4246.44
"2021-06-22 00:00:00",4241.84
"2021-06-23 00:00:00",4266.49
"2021-06-24 00:00:00",4280.7
"2021-06-27 00:00:00",4290.61
"2021-06-28 00:00:00",4291.8
"2021-06-29 00:00:00",4297.5
"2021-06-30 00:00:00",4319.94